Year,est,lwr,upr,log_est,se,se_natural,type,effort,replicate
2003,51296.1439,14312.41436,183846.9956,10.84537086,0.6512815,32652.93691,index,0.2,1
2004,4048.787834,970.1490672,16897.07642,8.306172815,0.728953741,2821.859468,index,0.2,1
2005,10159.57395,3279.532084,31473.07002,9.226171787,0.576906393,5734.789571,index,0.2,1
2006,1610.338959,285.7961778,9073.569778,7.384199969,0.8821188,1306.088316,index,0.2,1
2007,2381.484206,482.8951331,11744.71772,7.775479188,0.814137243,1794.612359,index,0.2,1
2008,8089.255682,2369.281542,27618.52331,8.998292001,0.626516594,4915.892207,index,0.2,1
2009,4115.042931,1315.747529,12869.92979,8.322404546,0.581767986,2336.077362,index,0.2,1
2010,883.7177924,110.1128466,7092.334465,6.784137772,1.0625869,837.7734772,index,0.2,1
2011,10840.04858,3559.481647,33012.29362,9.291002757,0.568190312,5975.896455,index,0.2,1
2012,11753.6216,3870.747453,35690.1664,9.371916693,0.56670112,6486.862054,index,0.2,1
2013,2295.187858,477.6120827,11029.63575,7.738569974,0.800918347,1723.032219,index,0.2,1
2014,39268.1285,9457.863944,163037.439,10.57816849,0.726322862,26927.55281,index,0.2,1
2015,7593.542328,2374.932482,24279.37869,8.935053471,0.593035991,4352.406797,index,0.2,1
2016,24247.22219,9503.566079,61863.91289,10.09605734,0.477883759,11600.42847,index,0.2,1
2017,5904.422215,2206.458947,15800.06813,8.683456877,0.502209562,2951.349571,index,0.2,1
2018,13736.19382,4200.317614,44921.13169,9.527789513,0.604538705,8070.793519,index,0.2,1
2019,9458.669067,2084.156904,42926.91224,9.154686962,0.771732176,7076.024917,index,0.2,1
2021,2969.745492,367.450387,24001.57572,7.996231535,1.066164095,2830.462598,index,0.2,1
2022,7790.517987,1343.240132,45183.41066,8.960662631,0.896864769,6492.379505,index,0.2,1
2023,14762.31583,5490.888488,39688.65314,9.599832985,0.504594795,7394.247286,index,0.2,1
2024,6172.922232,1678.735933,22698.608,8.727927624,0.664364889,3958.249002,index,0.2,1
2025,2753.950783,472.8741677,16038.61119,7.920791808,0.898976971,2251.518311,index,0.2,1
2003,17996.66336,5014.038724,64594.61326,9.797941651,0.652024557,10524.21985,index,0.2,10
2004,9022.813201,1370.212752,59414.97619,9.107511449,0.961645297,7644.598702,index,0.2,10
2005,32057.47772,8388.592022,122509.4598,10.37528575,0.68402164,19641.3514,index,0.2,10
2006,8549.447771,1610.022847,45398.77015,9.053621972,0.851861736,6440.891459,index,0.2,10
2007,20048.80758,4970.382233,80869.97469,9.905924959,0.711580899,12549.42095,index,0.2,10
2008,7373.859432,1405.289119,38692.25358,8.905696516,0.845779917,5453.046058,index,0.2,10
2009,11278.83339,3609.770258,35241.04678,9.330683096,0.581277869,5951.026492,index,0.2,10
2010,21045.83044,5107.463183,86721.52166,9.954457741,0.722462062,13670.50755,index,0.2,10
2011,19928.2135,5711.233488,69535.53804,9.899891771,0.637614507,11317.20169,index,0.2,10
2012,21634.67377,4711.018427,99354.12401,9.982052574,0.777765916,14824.18976,index,0.2,10
2013,6146.854373,1320.371748,28616.04601,8.723695746,0.784722145,4303.765835,index,0.2,10
2014,82029.22911,28643.07446,234918.7214,11.31483092,0.536828207,39828.21246,index,0.2,10
2015,13622.97308,4138.586616,44842.69937,9.519512843,0.607869962,7406.017946,index,0.2,10
2016,36702.79149,13717.22797,98204.60122,10.51060809,0.502152215,16809.57,index,0.2,10
2017,39977.23985,14284.90129,111878.9464,10.59606557,0.525064323,19031.13575,index,0.2,10
2018,36767.66221,9219.191405,146635.5264,10.51237399,0.705794286,23272.90782,index,0.2,10
2019,28952.68164,4559.568051,183845.8742,10.27341811,0.943096379,24556.63871,index,0.2,10
2021,14689.15641,3148.358073,68534.55391,9.594864841,0.785845304,10122.11562,index,0.2,10
2022,15504.46218,2355.696329,102045.5584,9.648883144,0.96139088,13191.0527,index,0.2,10
2023,20588.03967,7381.601711,57422.14146,9.932465588,0.523335973,9759.283327,index,0.2,10
2024,36284.23812,11232.50523,117208.5754,10.49913871,0.598261814,19503.80555,index,0.2,10
2025,15804.69196,3044.435786,82047.48124,9.668062135,0.840317106,11737.24027,index,0.2,10
2003,7213.258677,1658.163017,31378.76084,8.883676095,0.750121152,4654.775385,index,0.2,2
2004,12949.58903,1617.130297,103697.1828,9.468819331,1.061453635,11679.0074,index,0.2,2
2005,6437.409363,1777.464117,23314.24804,8.769881465,0.656613336,3688.500183,index,0.2,2
2006,7511.116972,1203.049244,46894.90348,8.924139465,0.934468608,5918.601183,index,0.2,2
2007,13302.7717,4352.752206,40655.59592,9.495727691,0.569992145,6673.568032,index,0.2,2
2008,5071.166975,523.8738313,49089.55735,8.531326243,1.158223001,4849.494388,index,0.2,2
2009,2076.972926,333.4966325,12935.11273,7.638666789,0.933197771,1620.279363,index,0.2,2
2010,7104.531794,1443.609594,34964.00427,8.86848814,0.813069135,4903.944312,index,0.2,2
2011,18683.63405,4726.141501,73861.13625,9.835403235,0.701308212,11315.74054,index,0.2,2
2012,5565.427138,1260.68199,24569.22481,8.624329015,0.757626625,3637.420249,index,0.2,2
2013,1188.869596,113.1848342,12487.63517,7.080758215,1.199887371,1178.059682,index,0.2,2
2014,49078.37771,14128.1395,170488.6308,10.80117384,0.635343332,27346.23765,index,0.2,2
2015,19851.14033,6812.95954,57840.90893,9.896016732,0.545640046,9641.516494,index,0.2,2
2016,35382.32242,13209.78011,94771.35345,10.47396761,0.502690286,15943.04563,index,0.2,2
2017,22986.94617,6913.349598,76431.79136,10.04268178,0.6130073,12397.57968,index,0.2,2
2018,9953.061406,3175.503154,31196.13698,9.205635462,0.582875042,5108.645908,index,0.2,2
2019,37959.47178,6859.376074,210065.9713,10.54427434,0.872925516,28946.03639,index,0.2,2
2021,6828.703144,1527.973449,30518.32259,8.828890058,0.763887743,4494.836464,index,0.2,2
2022,9452.220062,2624.220144,34046.10101,9.15400492,0.653821135,5419.203087,index,0.2,2
2023,4707.715016,986.3594766,22469.07055,8.456957935,0.797431523,3260.029863,index,0.2,2
2024,13082.45622,3240.068886,52823.1549,9.479027391,0.712093453,8146.488454,index,0.2,2
2025,11359.93919,2279.515057,56612.13684,9.337848339,0.81946931,7923.73191,index,0.2,2
2003,2030.012648,296.7767119,13885.69651,7.615797303,0.98104724,1508.833351,index,0.2,3
2004,25533.93584,6140.489712,106177.5054,10.14776366,0.727107181,14532.70502,index,0.2,3
2005,28977.67306,6999.643947,119964.0357,10.27428092,0.724843093,16529.2698,index,0.2,3
2006,2786.840083,447.7585094,17345.23741,7.932663646,0.932879183,2011.756921,index,0.2,3
2007,4348.587669,1061.03415,17822.43739,8.377606397,0.719710711,2419.045944,index,0.2,3
2008,5809.784523,1267.923419,26621.16316,8.667298762,0.776628058,3483.59306,index,0.2,3
2009,6278.907485,1340.223857,29416.48815,8.744951277,0.787952918,3841.456755,index,0.2,3
2010,14446.57988,4864.913585,42899.76926,9.578212979,0.555320789,6284.189659,index,0.2,3
2011,31287.93542,10493.89863,93286.10243,10.35098785,0.557376858,13704.46782,index,0.2,3
2012,8530.021375,2196.505608,33125.918,9.051347146,0.692218908,4591.059915,index,0.2,3
2013,71401.71901,16258.69217,313567.9933,11.17607722,0.754959932,42336.27176,index,0.2,3
2014,49781.65095,15543.14039,159440.9308,10.81540174,0.593902266,23233.09989,index,0.2,3
2015,17096.65238,1658.448844,176246.3302,9.746637956,1.190327966,15044.34227,index,0.2,3
2016,25746.74918,8509.973972,77896.25393,10.15606365,0.564841751,11441.77817,index,0.2,3
2017,48788.93455,16641.70652,143035.8198,10.79525882,0.548781283,21073.12967,index,0.2,3
2018,30801.91197,11042.95107,85915.23905,10.33533204,0.523369032,12688.28027,index,0.2,3
2019,34307.25137,6875.307797,171190.517,10.44311202,0.820127483,22086.19052,index,0.2,3
2021,4582.695805,681.3798465,30821.42942,8.430042708,0.97242745,3432.226182,index,0.2,3
2022,13371.38272,1959.975633,91222.49928,9.500872084,0.979704106,10189.45937,index,0.2,3
2023,18597.88867,4513.02358,76640.73916,9.830803341,0.722503438,10487.13962,index,0.2,3
2024,12083.99485,2678.53617,54515.94535,9.399637116,0.768693409,7155.547428,index,0.2,3
2025,8800.350047,2468.12036,31378.59976,9.082546778,0.648652034,4463.040875,index,0.2,3
2003,19735.01713,5208.613382,74774.39245,9.890149856,0.679645602,11087.52668,index,0.2,4
2004,26457.09627,5057.635441,138400.2368,10.18327969,0.844212116,17996.71517,index,0.2,4
2005,35312.81692,12663.49301,98471.64902,10.47200126,0.52323548,15373.41102,index,0.2,4
2006,8786.583023,2352.191282,32822.17812,9.08098118,0.672399369,4810.987948,index,0.2,4
2007,6582.322533,1944.817598,22278.16633,8.792142931,0.622062175,3370.758139,index,0.2,4
2008,5719.644321,1197.44072,27320.20936,8.651661901,0.797831026,3605.571365,index,0.2,4
2009,5503.102519,1161.588722,26071.30799,8.613067307,0.793648957,3515.995318,index,0.2,4
2010,15512.87255,2748.171557,87567.02762,9.649425445,0.883043963,10933.65401,index,0.2,4
2011,5722.151456,1099.032625,29792.57989,8.652100142,0.841808582,3834.21173,index,0.2,4
2012,12316.78513,3474.842355,43657.5765,9.418718256,0.645631182,6532.957697,index,0.2,4
2013,24302.88734,6496.960143,90908.72036,10.09835044,0.673104596,13628.84868,index,0.2,4
2014,86763.07514,29023.22307,259372.682,11.37093641,0.558727014,40216.35338,index,0.2,4
2015,36317.15469,10443.80312,126288.8346,10.50004549,0.635869547,19062.4059,index,0.2,4
2016,86735.63193,30042.11552,250417.4462,11.37062006,0.540961232,39062.95867,index,0.2,4
2017,28119.31249,11105.28531,71199.94785,10.2442119,0.474006398,11104.18338,index,0.2,4
2018,40510.96699,12774.22023,128472.6908,10.60932801,0.588859612,19658.75382,index,0.2,4
2019,4536.026664,326.2854564,63059.92956,8.419806724,1.342899213,4954.148038,index,0.2,4
2021,60073.78811,12775.85746,282474.9751,11.00332889,0.789818776,38770.34064,index,0.2,4
2022,8832.661037,2077.617591,37550.65481,9.086211611,0.738398509,5353.060361,index,0.2,4
2023,20402.02202,6971.823463,59703.5345,9.923389294,0.547845377,9305.452324,index,0.2,4
2024,8791.946539,2255.336389,34273.52316,9.081591415,0.694164286,4992.104896,index,0.2,4
2025,1991.554842,212.3842484,18675.06992,7.59667094,1.14199742,1786.233501,index,0.2,4
2003,9005.029107,1443.532864,56175.06276,9.10553849,0.934042533,7402.092069,index,0.2,5
2004,60127.61301,10101.71067,357892.8326,11.00422447,0.910100603,50050.14509,index,0.2,5
2005,9661.211657,2186.537838,42688.03816,9.17587435,0.758074988,6654.785497,index,0.2,5
2006,17185.6536,3148.520316,93804.91791,9.751830222,0.865904861,13434.50301,index,0.2,5
2007,13571.90055,3384.874902,54417.5161,9.515756798,0.708525555,8696.660552,index,0.2,5
2008,36090.71715,8884.168819,146613.5877,10.49379097,0.715199255,23417.36564,index,0.2,5
2009,5984.773368,1223.230658,29281.07797,8.696973751,0.810077657,4419.861942,index,0.2,5
2010,14966.6195,3679.20676,60882.60703,9.613577634,0.715893349,9672.073927,index,0.2,5
2011,45816.32663,11771.86908,178317.969,10.73239578,0.693343248,28840.83613,index,0.2,5
2012,30230.48787,5660.071932,161461.269,10.31660623,0.854818945,22898.49549,index,0.2,5
2013,38607.10283,8346.485752,178579.1569,10.56119155,0.781440731,27544.1876,index,0.2,5
2014,67977.97539,16855.74673,274150.1289,11.12693904,0.71148864,44083.32061,index,0.2,5
2015,30076.07969,8504.816069,106359.8039,10.31148544,0.644449373,17810.68808,index,0.2,5
2016,71451.0624,21300.13197,239681.8163,11.17676805,0.617511094,40734.04926,index,0.2,5
2017,68310.354,18134.11711,257321.8445,11.13181663,0.676678895,42581.65514,index,0.2,5
2018,32212.75227,7948.010363,130556.1218,10.38011769,0.714013518,20832.07118,index,0.2,5
2019,35794.08248,6681.53785,191754.7082,10.48553786,0.856359821,28319.31361,index,0.2,5
2021,21110.72456,2585.070704,172398.6469,9.957536464,1.071462711,19789.81351,index,0.2,5
2022,33248.62832,9516.992093,116157.6341,10.41176879,0.638243703,19560.2934,index,0.2,5
2023,22842.79368,8003.620551,65194.6478,10.03639097,0.53508212,11327.30615,index,0.2,5
2024,26503.70759,4792.755629,146564.2253,10.18503991,0.87255639,20962.67664,index,0.2,5
2025,30294.24429,8518.219088,107738.6279,10.31871302,0.647333551,17738.75745,index,0.2,5
2003,13861.91257,3768.490925,50989.27499,9.536900255,0.664537895,7618.41302,index,0.2,6
2004,8069.264327,2092.550373,31116.5875,8.995817596,0.688624246,4598.750769,index,0.2,6
2005,11981.04243,3142.508518,45678.59622,9.391080882,0.682820828,6742.528608,index,0.2,6
2006,3611.857511,846.6734722,15407.96436,8.191977465,0.740147455,2209.874961,index,0.2,6
2007,1609.9885,323.2801265,8018.009017,7.383982315,0.81912888,1052.062532,index,0.2,6
2008,7603.230993,1512.605796,38218.23351,8.936328567,0.823861787,5080.736704,index,0.2,6
2009,5341.968634,1326.950029,21505.42843,8.583349522,0.710579968,3114.692498,index,0.2,6
2010,22481.38777,6184.339265,81724.62316,10.02044304,0.65851597,12222.2085,index,0.2,6
2011,21495.35125,6381.261078,72407.33762,9.97559197,0.619639423,11054.55336,index,0.2,6
2012,5190.387033,1675.841708,16075.5741,8.554563546,0.576792597,2507.362244,index,0.2,6
2013,3471.099759,871.7852357,13820.52947,8.152226756,0.704953592,2049.339695,index,0.2,6
2014,30808.04803,11222.57787,84573.77923,10.33553123,0.515238205,13343.73796,index,0.2,6
2015,8362.235128,3059.410553,22856.35587,9.03148103,0.513021408,3580.161968,index,0.2,6
2016,18729.97688,7175.935418,48887.28974,9.837880561,0.489494789,7726.061778,index,0.2,6
2017,6680.247747,2394.220898,18638.92759,8.806910354,0.5235286,2938.157476,index,0.2,6
2018,17291.99745,5376.960557,55610.07427,9.757999098,0.595990828,8593.996778,index,0.2,6
2019,26693.72935,5436.966222,131057.4974,10.19218396,0.811855457,18023.96197,index,0.2,6
2021,26542.71719,8638.754901,81552.93717,10.18651068,0.572713045,12744.9176,index,0.2,6
2022,4775.665123,1171.011571,19476.30403,8.471288536,0.717189348,2843.004388,index,0.2,6
2023,14727.1227,5407.206459,40110.94169,9.597446154,0.511212599,6315.488306,index,0.2,6
2024,27166.56091,8715.376505,84680.45314,10.20974212,0.580060638,13093.43168,index,0.2,6
2025,8653.141744,3000.610512,24953.8758,9.065677741,0.540370486,3927.712136,index,0.2,6
2003,6046.427282,1009.543764,36213.66816,8.707222845,0.913266299,4407.788518,index,0.2,7
2004,16973.52716,5255.150013,54822.53096,9.739410183,0.598197907,8577.950168,index,0.2,7
2005,10186.33155,2677.303415,38755.91753,9.228802056,0.681765935,5788.505948,index,0.2,7
2006,5491.709184,1326.088067,22742.73519,8.610994813,0.7250165,3263.975062,index,0.2,7
2007,13539.16582,3200.776309,57270.1724,9.513341936,0.735826419,8112.065194,index,0.2,7
2008,2373.524563,479.106227,11758.60077,7.772131287,0.816448138,1517.779536,index,0.2,7
2009,11391.51679,2704.359152,47984.25341,9.340624216,0.733688974,6843.982785,index,0.2,7
2010,13435.68561,4301.8744,41962.55653,9.505669551,0.581063451,6501.109142,index,0.2,7
2011,9170.141349,2367.245186,35522.9331,9.123707979,0.690944222,5167.632924,index,0.2,7
2012,16239.73567,4142.413758,63665.54144,9.695216337,0.697044649,9418.768329,index,0.2,7
2013,20046.22411,2274.427315,176682.3228,9.905796091,1.110383935,17504.38947,index,0.2,7
2014,34789.96449,10559.97566,114615.9488,10.45708425,0.608306073,17714.42853,index,0.2,7
2015,8388.052603,2715.785297,25907.58061,9.034563663,0.575381608,3984.560155,index,0.2,7
2016,44558.70609,20183.93859,98369.21963,10.70456284,0.404048439,15265.84895,index,0.2,7
2017,46850.09779,18719.54214,117253.4909,10.75470838,0.468062215,18600.65402,index,0.2,7
2018,17924.05243,6919.347054,46430.92087,9.793898801,0.485632451,7341.840909,index,0.2,7
2019,18235.09783,3458.800856,96137.01585,9.811103468,0.848192235,12945.47578,index,0.2,7
2021,5881.649211,1209.22588,28608.21788,8.67959248,0.807084634,3799.201113,index,0.2,7
2022,2672.797066,282.6250605,25276.7541,7.890880793,1.146327007,2489.792475,index,0.2,7
2023,10197.88658,2350.620656,44242.31122,9.229935779,0.748738808,6287.486209,index,0.2,7
2024,11902.57699,2657.123875,53317.55145,9.384510209,0.765070509,7476.452134,index,0.2,7
2025,11371.8438,3691.064962,35035.64218,9.338895737,0.574105158,5463.197547,index,0.2,7
2003,21547.56593,4965.480205,93505.07473,9.978018139,0.748867255,13094.8813,index,0.2,8
2004,16758.88364,2717.311394,103359.5861,9.726683763,0.92822397,12808.68263,index,0.2,8
2005,26955.64115,9534.110339,76211.26294,10.20194787,0.530273348,11870.63837,index,0.2,8
2006,5524.610143,1240.734654,24599.39128,8.616967961,0.762008398,3447.903294,index,0.2,8
2007,16587.19244,4266.484086,64487.51421,9.716386137,0.692788633,9338.759208,index,0.2,8
2008,9882.76096,3052.968337,31991.47629,9.198547201,0.599336309,4903.489469,index,0.2,8
2009,3848.620657,903.0818,16401.48319,8.255470092,0.739634487,2325.393535,index,0.2,8
2010,19317.44404,4967.150426,75126.30227,9.868763803,0.692952633,10972.43635,index,0.2,8
2011,10636.71675,2682.257439,42180.79205,9.272067139,0.702897147,6096.821835,index,0.2,8
2012,19739.21798,5866.673729,66415.27115,9.890362696,0.619051987,10059.62514,index,0.2,8
2013,17125.95085,3418.061472,85808.34337,9.748350186,0.822219872,11528.9384,index,0.2,8
2014,19868.03121,6929.602916,56964.11019,9.896867247,0.537412659,8870.944982,index,0.2,8
2015,18168.74948,5772.187942,57188.61912,9.807458336,0.585037207,8803.858776,index,0.2,8
2016,57423.60057,20067.37649,164319.9301,10.95821066,0.536417991,25605.17717,index,0.2,8
2017,52076.3737,15782.45868,171833.0935,10.86046664,0.609099077,26321.33268,index,0.2,8
2018,31601.73457,9195.887232,108599.5948,10.36096729,0.629835893,16480.10531,index,0.2,8
2019,6797.595486,1218.830833,37911.17122,8.824324224,0.876892072,4951.712901,index,0.2,8
2021,15194.60987,4208.032108,54865.5911,9.62869603,0.655086346,8233.757265,index,0.2,8
2022,11859.0534,1655.165597,84968.62663,9.380846855,1.004707499,9675.312341,index,0.2,8
2023,20837.0506,7797.672131,55681.06357,9.94448796,0.501492601,8678.830591,index,0.2,8
2024,49682.843,13601.13035,181483.805,10.81341494,0.660984982,26910.58877,index,0.2,8
2025,5864.647814,1836.693814,18726.09017,8.67669771,0.592345229,2869.401645,index,0.2,8
2003,42304.3735,12530.39908,142825.4603,10.65264575,0.620793476,22524.38956,index,0.2,9
2004,17160.25297,4011.12597,73414.36902,9.750351115,0.741607425,10888.95021,index,0.2,9
2005,29958.80191,7030.919611,127654.6827,10.30757845,0.739557293,18901.52095,index,0.2,9
2006,4747.63975,831.6896753,27101.55466,8.465402879,0.888763012,3472.957612,index,0.2,9
2007,6389.959191,1904.990662,21434.00452,8.762483161,0.617486232,3328.025348,index,0.2,9
2008,26042.35103,7710.97194,87953.12088,10.16747938,0.620970521,13881.97986,index,0.2,9
2009,5894.44464,1357.8663,25587.55425,8.6817656,0.749042208,3762.812029,index,0.2,9
2010,13548.22359,3762.486131,48785.39245,9.514010718,0.653672978,7534.187502,index,0.2,9
2011,20671.43674,7045.500341,60649.81565,9.936508159,0.549175252,9789.959659,index,0.2,9
2012,14141.1534,4481.63763,44620.34551,9.556844506,0.586286643,7141.674866,index,0.2,9
2013,8184.422765,1302.978232,51408.97549,9.009987964,0.937558092,6466.772179,index,0.2,9
2014,29255.86298,10888.32552,78607.63504,10.28383528,0.504289284,12785.74107,index,0.2,9
2015,13647.46629,4414.115487,42194.93955,9.521309164,0.57590161,6792.554516,index,0.2,9
2016,31733.94898,11832.90461,85105.35252,10.36514233,0.503327043,13937.5422,index,0.2,9
2017,20918.30593,7341.972468,59599.17788,9.948379937,0.534202225,9685.8478,index,0.2,9
2018,5718.598864,1455.362323,22470.26218,8.651479101,0.698211265,3367.586859,index,0.2,9
2019,13752.6251,4271.997825,44273.12578,9.528985001,0.596515109,7169.414615,index,0.2,9
2021,3856.85989,553.6946467,26865.65294,8.257608631,0.99032191,3171.298292,index,0.2,9
2022,26574.38411,7414.73474,95242.50232,10.18770303,0.651276532,14839.75712,index,0.2,9
2023,17511.66347,6103.91807,50239.59264,9.770622422,0.537732468,8195.897926,index,0.2,9
2024,11523.9412,3587.444834,37018.33114,9.352181994,0.595412222,5957.413508,index,0.2,9
2025,5687.317126,1134.707007,28505.66347,8.645993909,0.822394783,3919.689247,index,0.2,9
2003,20177.52701,7871.299916,51723.67978,9.91232474,0.480287519,8501.085019,index,0.4,1
2004,12786.61384,4374.480937,37375.28997,9.456154109,0.547260546,6140.129013,index,0.4,1
2005,14229.92091,6179.660792,32767.27574,9.563102133,0.425560612,5335.325604,index,0.4,1
2006,7469.797296,2877.971058,19387.91966,8.918623142,0.48663257,3188.877628,index,0.4,1
2007,13715.65942,5121.571266,36730.78117,9.526293483,0.502599503,6020.59178,index,0.4,1
2008,6214.858781,2303.532109,16767.49784,8.734698281,0.506386528,2744.18034,index,0.4,1
2009,9027.16098,3717.461957,21920.77183,9.107993198,0.452659723,3603.259041,index,0.4,1
2010,14447.21412,5761.833433,36224.92704,9.57825688,0.469011615,5931.969796,index,0.4,1
2011,16260.15166,7438.063863,35545.88087,9.69647271,0.399041439,5718.890993,index,0.4,1
2012,10651.32732,4496.731287,25229.60932,9.273439794,0.43997429,4122.371371,index,0.4,1
2013,8700.920296,2872.814816,26352.55623,9.07118408,0.565386144,4310.475238,index,0.4,1
2014,43305.08962,19954.82882,93978.79599,10.67602545,0.395312882,15142.11337,index,0.4,1
2015,23734.08545,10922.08816,51575.01055,10.0746675,0.395989442,8315.341244,index,0.4,1
2016,36646.86021,18385.66762,73045.61308,10.50908303,0.35192296,11451.19964,index,0.4,1
2017,29313.35682,14486.57575,59315.11369,10.28579856,0.35960909,9357.392066,index,0.4,1
2018,15131.15021,6609.499302,34639.79587,9.624510826,0.422583094,5644.557597,index,0.4,1
2019,21255.44012,7097.724116,63653.32424,9.964368147,0.559621856,10517.97697,index,0.4,1
2021,15992.08071,4292.152524,59584.70578,9.679848923,0.671086455,9229.302795,index,0.4,1
2022,12509.83003,4577.627553,34187.10797,9.434270017,0.512934872,5648.889064,index,0.4,1
2023,17009.06394,8330.894459,34727.15416,9.741501654,0.364177889,5493.724511,index,0.4,1
2024,9406.967535,3882.936645,22789.71982,9.149205921,0.451466922,3736.750927,index,0.4,1
2025,15159.47828,5562.40626,41314.81432,9.626381245,0.511537548,6756.477241,index,0.4,1
2003,18645.75326,7023.898908,49497.31186,9.833373692,0.498121372,8391.200393,index,0.4,10
2004,7025.015944,1845.559445,26740.31938,8.857232764,0.681999793,4256.339838,index,0.4,10
2005,21632.81101,9847.768652,47521.27397,9.981966469,0.401520793,7926.463367,index,0.4,10
2006,9207.914326,3305.356193,25650.99834,9.127818646,0.522723445,4333.071899,index,0.4,10
2007,11953.26875,4662.922083,30641.86601,9.388760055,0.480295799,5165.738275,index,0.4,10
2008,10179.9148,3755.581305,27593.77495,9.228171921,0.508771369,4654.39618,index,0.4,10
2009,7541.056073,2973.192122,19126.75816,8.928117514,0.474868966,3252.838335,index,0.4,10
2010,20683.88071,7961.027929,53739.65838,9.937109966,0.487150053,9100.263136,index,0.4,10
2011,18614.04402,7806.285506,44385.0836,9.83167163,0.443368916,7473.471294,index,0.4,10
2012,16221.81165,6259.187973,42041.74319,9.694112014,0.485879477,7132.662591,index,0.4,10
2013,4760.811965,1286.217342,17621.69567,8.468173514,0.667722788,2859.584909,index,0.4,10
2014,57180.6385,26281.88337,124406.0546,10.95397063,0.396607031,20660.57817,index,0.4,10
2015,19260.22866,8524.740416,43515.27319,9.865797558,0.415859532,7282.293866,index,0.4,10
2016,49851.20711,24953.10412,99592.53319,10.81679799,0.353090408,16164.91912,index,0.4,10
2017,33612.53638,16198.91479,69745.57351,10.42265438,0.372432789,11449.02957,index,0.4,10
2018,20847.39646,7886.99897,55105.10917,9.94498435,0.4959343,9329.761661,index,0.4,10
2019,71034.55033,21110.84483,239019.6783,11.17092166,0.61908255,39972.9575,index,0.4,10
2021,24466.65577,8044.921048,74409.33742,10.10506648,0.567495242,12464.09803,index,0.4,10
2022,13251.87779,3805.700001,46144.53711,9.491894541,0.63656237,7606.413027,index,0.4,10
2023,19849.14139,8988.151623,43834.19756,9.89591603,0.404218411,7329.33069,index,0.4,10
2024,28725.44423,12353.70422,66793.82408,10.26553857,0.430532061,11240.3542,index,0.4,10
2025,13094.19254,3707.198328,46249.98806,9.479924094,0.643834479,7444.441796,index,0.4,10
2003,8406.120802,3057.093091,23114.39817,9.036715386,0.516078674,3959.924895,index,0.4,2
2004,10508.09108,3316.023225,33298.91579,9.259900818,0.588469639,5602.355554,index,0.4,2
2005,13642.9651,5963.591992,31211.13869,9.520979291,0.422227671,5303.747688,index,0.4,2
2006,10487.03822,3711.18075,29634.22642,9.257895318,0.530004612,5076.18184,index,0.4,2
2007,12303.94517,5348.376587,28305.23699,9.417675236,0.425072547,4790.360281,index,0.4,2
2008,13994.16333,4556.548473,42979.15593,9.546395617,0.572497721,7258.404803,index,0.4,2
2009,8383.472039,3159.562569,22244.40944,9.034017432,0.497880864,3806.944296,index,0.4,2
2010,13143.70957,4953.302711,34877.15395,9.483698563,0.497911555,5958.247832,index,0.4,2
2011,30153.59181,11951.93128,76074.65924,10.31405933,0.472157232,12995.91999,index,0.4,2
2012,3411.073931,1171.69214,9930.445855,8.134782456,0.545202977,1685.732547,index,0.4,2
2013,5992.784052,1790.625884,20056.37304,8.698311366,0.616333199,3374.612111,index,0.4,2
2014,43536.03822,18840.50672,100601.6798,10.68134434,0.427344534,17051.81441,index,0.4,2
2015,29169.26079,13248.38097,64222.62286,10.28087072,0.402680913,10826.91329,index,0.4,2
2016,41546.22841,21037.44164,82048.43175,10.63456202,0.347201767,13352.00501,index,0.4,2
2017,42010.07168,19483.51928,90581.48567,10.64566467,0.392017636,15196.57759,index,0.4,2
2018,12932.27245,5736.892878,29152.30845,9.467481207,0.414705668,4944.104266,index,0.4,2
2019,87094.18744,29619.32653,256096.2174,11.37474543,0.550297395,44114.80727,index,0.4,2
2021,5864.534168,1928.372313,17835.12487,8.676678332,0.567483268,3003.390629,index,0.4,2
2022,14534.33235,5376.395841,39291.52972,9.584268878,0.507404919,6747.644621,index,0.4,2
2023,8981.49328,3905.009117,20657.37086,9.102921437,0.42495987,3512.356612,index,0.4,2
2024,18233.74376,6556.829392,50705.82009,9.811029209,0.521829369,8711.292257,index,0.4,2
2025,17589.82041,6398.07192,48358.59707,9.775075628,0.515990944,8262.657808,index,0.4,2
2003,6849.556973,2431.629322,19294.23629,8.831939254,0.528388505,3178.104229,index,0.4,3
2004,16462.35085,5357.520818,50584.77695,9.708831286,0.572752705,8308.673104,index,0.4,3
2005,25982.98873,9749.759104,69244.34707,10.16519732,0.500110958,11486.22509,index,0.4,3
2006,9335.529039,2992.349484,29124.9745,9.141582727,0.580504845,4771.586443,index,0.4,3
2007,14099.05234,5665.593898,35086.04402,9.553862864,0.465159496,5773.948468,index,0.4,3
2008,11409.40305,3822.504013,34054.76555,9.342193124,0.557934811,5571.239678,index,0.4,3
2009,6057.658074,2073.512569,17697.12993,8.709078548,0.546989238,2909.017616,index,0.4,3
2010,20231.70117,9072.811109,45115.2049,9.915006018,0.409175166,7319.008377,index,0.4,3
2011,29049.23951,12796.1898,65946.06128,10.27674758,0.418295875,10755.66379,index,0.4,3
2012,13703.04816,5027.941534,37346.00485,9.525373581,0.511543909,6184.445899,index,0.4,3
2013,19060.27758,6174.279206,58839.93404,9.85536174,0.575119912,9654.411096,index,0.4,3
2014,45839.80606,19566.25192,107393.4767,10.73290812,0.434368492,17622.6809,index,0.4,3
2015,21474.47619,8486.009883,54342.75168,9.974620355,0.473705727,8932.711144,index,0.4,3
2016,48695.30133,22992.94649,103128.6866,10.79333782,0.382861652,16548.25134,index,0.4,3
2017,49442.6503,24317.57561,100527.1129,10.8085687,0.362054639,15886.60583,index,0.4,3
2018,18126.20312,8587.680156,38259.3708,9.805113856,0.381144729,6128.42263,index,0.4,3
2019,24431.0382,7764.410483,76873.27055,10.10360966,0.584859649,12628.21584,index,0.4,3
2021,8989.541446,2252.542616,35875.83864,9.103817119,0.706136552,5509.834119,index,0.4,3
2022,18690.87425,6775.449937,51560.97136,9.835790676,0.517728708,8554.298891,index,0.4,3
2023,12288.80392,4769.789713,31660.66238,9.416443876,0.482859066,5230.678053,index,0.4,3
2024,13488.97224,5037.480304,36119.71881,9.50962776,0.502543144,5969.745819,index,0.4,3
2025,7498.912574,2824.396064,19909.98731,8.922513299,0.498204798,3275.615633,index,0.4,3
2003,27624.63157,9894.87872,77122.75118,10.2264631,0.52383131,12182.65363,index,0.4,4
2004,18251.54597,4598.906272,72434.3813,9.812005066,0.703294188,10601.362,index,0.4,4
2005,36240.09322,15984.8613,82161.76116,10.49792133,0.417621933,12790.03509,index,0.4,4
2006,9046.853047,3246.20237,25212.70726,9.110172247,0.522933668,3974.574815,index,0.4,4
2007,9291.110947,3109.832318,27758.64864,9.13681341,0.558423181,4338.07003,index,0.4,4
2008,7399.708557,2776.20639,19723.20463,8.909195894,0.500190429,3092.557459,index,0.4,4
2009,9359.418351,3247.139704,26977.19219,9.144138426,0.540116368,4248.297557,index,0.4,4
2010,18459.17088,5941.535174,57348.98128,9.823316593,0.578374794,8881.903479,index,0.4,4
2011,12526.7456,5052.260348,31059.23775,9.435621286,0.463289263,4895.209457,index,0.4,4
2012,15861.48643,5667.449794,44391.52723,9.671649213,0.525088572,6978.276627,index,0.4,4
2013,18417.48427,6576.321739,51579.55165,9.821055724,0.525430503,8179.64788,index,0.4,4
2014,118900.0684,48672.94435,290453.4839,11.68603866,0.455702282,45767.41678,index,0.4,4
2015,25738.49389,9498.851938,69742.11959,10.15574297,0.508589318,11025.05244,index,0.4,4
2016,93043.78935,42405.6646,204150.7147,11.44082551,0.400919756,31498.56141,index,0.4,4
2017,36544.93248,16917.57702,78943.46147,10.50629781,0.39296099,12131.54242,index,0.4,4
2018,26483.84401,9972.724698,70331.22988,10.18429017,0.498315815,11094.13496,index,0.4,4
2019,22920.24,8816.583634,59585.14358,10.03977564,0.487450748,9430.915543,index,0.4,4
2021,25811.18381,8748.715334,76150.28998,10.15856316,0.552000454,11932.54303,index,0.4,4
2022,24418.40574,7708.713143,77348.6479,10.10309246,0.58826893,12073.60107,index,0.4,4
2023,19014.54105,8524.619093,42412.7773,9.852959284,0.409316533,6578.870819,index,0.4,4
2024,8863.389787,3016.237223,26045.59015,9.089684565,0.549968873,4080.403741,index,0.4,4
2025,7808.022598,1495.457844,40766.92442,8.962907022,0.843239644,5388.023757,index,0.4,4
2003,18200.9352,6007.723399,55141.36059,9.809228257,0.565534424,9329.729862,index,0.4,5
2004,35276.57882,8179.471615,152141.4917,10.47097453,0.745723754,23732.24386,index,0.4,5
2005,14044.68652,5411.984347,36447.4852,9.549999419,0.486554003,6233.954134,index,0.4,5
2006,10900.13966,3989.601062,29780.68305,9.296530881,0.512807566,5089.954065,index,0.4,5
2007,11581.64026,4158.024753,32259.16128,9.357176387,0.522652954,5483.187597,index,0.4,5
2008,18273.1206,6145.79185,54330.9869,9.813186439,0.555961014,9189.182745,index,0.4,5
2009,3771.537565,1228.739867,11576.49067,8.23523804,0.572201134,1962.649019,index,0.4,5
2010,13356.72279,4591.0024,38859.0613,9.499775117,0.544867895,6561.294021,index,0.4,5
2011,28853.34837,12509.83453,66548.89879,10.26998133,0.426390973,11266.77191,index,0.4,5
2012,21262.90319,8112.700067,55728.80155,9.964719199,0.491607593,9544.410259,index,0.4,5
2013,9133.884391,3081.961039,27069.72704,9.119746337,0.554308636,4610.057316,index,0.4,5
2014,54649.91466,21165.39511,141108.3118,10.90870293,0.483978338,24142.74484,index,0.4,5
2015,19150.27538,7760.540008,47256.12481,9.860072375,0.460858048,8066.524066,index,0.4,5
2016,35367.93424,16404.85361,76251.26088,10.47356088,0.391960444,12783.85586,index,0.4,5
2017,43636.40981,19271.73404,98804.61497,10.68364717,0.416973185,16717.77687,index,0.4,5
2018,25179.18881,9763.758945,64933.14229,10.13377309,0.483345794,11073.99488,index,0.4,5
2019,55348.37165,21517.72784,142368.2959,10.92140252,0.482034415,24590.71471,index,0.4,5
2021,20163.89499,4771.149649,85216.91651,9.911648908,0.735373888,13268.36242,index,0.4,5
2022,31281.47954,13006.63072,75233.23933,10.35078149,0.447746458,12842.29331,index,0.4,5
2023,18824.45936,8248.491539,42960.6151,9.842912333,0.420990753,7268.52196,index,0.4,5
2024,13980.87833,5480.614282,35664.79028,9.545445842,0.477801317,6092.271463,index,0.4,5
2025,29253.49519,10185.61289,84017.22999,10.28375434,0.538286849,14230.89749,index,0.4,5
2003,12853.30503,4141.958292,39886.31429,9.461356258,0.577782191,6560.423953,index,0.4,6
2004,5507.770029,1770.124579,17137.51171,8.613915107,0.579148346,2816.951954,index,0.4,6
2005,15487.36538,5695.505454,42113.64351,9.647779834,0.510390607,6997.512608,index,0.4,6
2006,7347.339734,2704.108694,19963.4731,8.902093586,0.509992,3338.075869,index,0.4,6
2007,10059.68005,3782.355653,26755.06274,9.216290639,0.499084863,4422.377468,index,0.4,6
2008,8116.3992,2507.74482,26268.99493,9.001641887,0.599247101,4257.533012,index,0.4,6
2009,11202.23443,4310.654174,29111.60377,9.32386854,0.487265886,4846.849149,index,0.4,6
2010,28646.43289,12685.274,64690.61034,10.26278421,0.415613319,10711.27726,index,0.4,6
2011,23319.74344,9208.707094,59053.93978,10.05705564,0.474065293,9852.826516,index,0.4,6
2012,7065.659064,2536.2443,19684.04148,8.863001577,0.522745286,3295.908395,index,0.4,6
2013,3362.788789,1108.274883,10203.55925,8.120525905,0.56631958,1706.83514,index,0.4,6
2014,32284.1612,13730.15924,75910.77764,10.38233202,0.436223285,12620.39064,index,0.4,6
2015,10752.78645,4594.237993,25166.83214,9.282920204,0.433866145,4151.733093,index,0.4,6
2016,33943.76746,16948.15018,67982.6021,10.43246054,0.354367003,10911.9545,index,0.4,6
2017,23935.13423,11879.26985,48226.08275,10.08310271,0.357431353,7753.388467,index,0.4,6
2018,18126.92354,8555.6572,38405.62439,9.8051536,0.383071119,6259.046267,index,0.4,6
2019,19815.50121,5383.220979,72940.36224,9.8942198,0.664898764,11725.81474,index,0.4,6
2021,16658.71196,7106.312873,39051.57132,9.720688599,0.43467625,6512.915944,index,0.4,6
2022,6797.547195,2344.391943,19709.43809,8.824317119,0.543140476,3286.746052,index,0.4,6
2023,19970.37584,9210.520407,43300.04098,9.902005246,0.394856038,7097.545008,index,0.4,6
2024,20837.81744,8936.920957,48586.60358,9.944524761,0.431935674,8048.409526,index,0.4,6
2025,6630.811324,2679.680656,16407.79796,8.799482447,0.462268463,2740.071045,index,0.4,6
2003,16685.47519,6480.259829,42962.0246,9.722293871,0.482548655,6870.094314,index,0.4,7
2004,18658.01763,7196.290705,48375.14719,9.834031233,0.486085585,7811.97801,index,0.4,7
2005,15730.95315,5687.799598,43507.66631,9.663385589,0.519043645,6964.54196,index,0.4,7
2006,9139.445504,2847.536992,29333.93468,9.120354996,0.59498303,4580.347841,index,0.4,7
2007,19013.51893,7663.693246,47172.28239,9.852905528,0.463608638,7492.293091,index,0.4,7
2008,5994.50201,1919.396525,18721.53767,8.698597996,0.581047356,2919.013299,index,0.4,7
2009,12059.31507,4769.114148,30493.52048,9.397592675,0.473313198,4878.704598,index,0.4,7
2010,10319.86446,4114.437254,25884.36667,9.241825905,0.469176252,4115.054169,index,0.4,7
2011,8013.649586,2891.011332,22213.18851,8.988901565,0.520182979,3509.129778,index,0.4,7
2012,27587.46785,10930.4157,69628.49388,10.22511689,0.47236188,11178.62172,index,0.4,7
2013,14012.81006,4361.09169,45025.15881,9.547727195,0.595546404,7120.721161,index,0.4,7
2014,40196.09527,17760.77996,90971.57212,10.60152514,0.416730721,14435.04879,index,0.4,7
2015,13261.63743,5044.157958,34866.28071,9.492630743,0.493195149,5520.408847,index,0.4,7
2016,48190.72378,24803.54884,93629.57993,10.78292183,0.338873476,14113.75132,index,0.4,7
2017,56844.96787,27073.60852,119354.2549,10.94808298,0.37846017,18609.93168,index,0.4,7
2018,16277.73601,6942.545948,38165.34909,9.697553564,0.434768054,6074.521807,index,0.4,7
2019,24736.18593,8635.648425,70855.00293,10.11602247,0.536932513,11488.61565,index,0.4,7
2021,16799.47269,5708.556912,49438.46353,9.729102777,0.550714832,7810.918727,index,0.4,7
2022,8458.546584,2529.073807,28289.80717,9.042932639,0.615993058,4437.942779,index,0.4,7
2023,17352.05677,7003.461043,42992.15381,9.761466324,0.462920029,6880.889202,index,0.4,7
2024,32685.90106,13690.64747,78036.34782,10.3946991,0.444003511,12468.51303,index,0.4,7
2025,20787.7902,8943.460592,48318.23397,9.942121084,0.430336071,7681.386607,index,0.4,7
2003,16710.5945,6291.883032,44381.62107,9.723798198,0.498367588,7544.418599,index,0.4,8
2004,16384.31208,5222.42782,51402.46867,9.704079576,0.583358629,8733.299143,index,0.4,8
2005,20854.76689,8717.66247,49889.6698,9.945337829,0.445024205,8472.544184,index,0.4,8
2006,7071.883086,2394.084183,20889.629,8.863882072,0.552625472,3512.475747,index,0.4,8
2007,23151.46131,9670.376828,55425.98496,10.04981318,0.445411564,9382.332611,index,0.4,8
2008,11613.10633,4977.457184,27095.00726,9.359889595,0.432260576,4594.888898,index,0.4,8
2009,7202.441558,2817.003113,18415.01849,8.882175353,0.478961087,3152.549219,index,0.4,8
2010,17073.82784,7444.193436,39160.13192,9.745302034,0.423534533,6632.742985,index,0.4,8
2011,14057.10111,5876.447418,33626.11416,9.550882964,0.444995568,5701.990813,index,0.4,8
2012,14846.99563,5452.303301,40429.38682,9.605552809,0.51111112,6854.662657,index,0.4,8
2013,13169.6526,3969.144545,43697.01018,9.485670416,0.611931931,7329.87757,index,0.4,8
2014,30230.80109,13473.76355,67828.21528,10.31661659,0.412312145,11457.62732,index,0.4,8
2015,16865.89814,7297.835082,38978.48017,9.733049001,0.427413967,6589.291223,index,0.4,8
2016,40621.78849,19739.70597,83594.44173,10.61205986,0.368206994,13894.57289,index,0.4,8
2017,33461.45127,16546.57503,67667.70277,10.41814935,0.359299936,11185.44824,index,0.4,8
2018,20226.31295,9596.97398,42628.40939,9.914739657,0.380382775,7125.969696,index,0.4,8
2019,21012.03959,6051.336083,72960.05408,9.952850866,0.63512213,12321.27705,index,0.4,8
2021,17570.95027,6640.079591,46496.17362,9.774002265,0.496500468,7964.717774,index,0.4,8
2022,9932.239276,3120.295412,31615.39662,9.203541238,0.590754875,5361.5347,index,0.4,8
2023,12934.26025,5835.011259,28670.91096,9.467634903,0.406131661,4810.746391,index,0.4,8
2024,40271.57844,17461.98188,92876.05734,10.60340125,0.426344527,15758.60217,index,0.4,8
2025,7692.244516,3117.480174,18980.27329,8.947967895,0.460818456,3236.028911,index,0.4,8
2003,18078.94636,6856.307077,47671.18768,9.802503356,0.494692308,7733.230195,index,0.4,9
2004,17770.77732,6738.690955,46863.77945,9.785310664,0.494748734,7604.490007,index,0.4,9
2005,28673.45153,11831.86724,69487.49559,10.26372694,0.451628276,11244.19341,index,0.4,9
2006,5723.486277,1837.770861,17825.01609,8.652333388,0.57961512,2841.130035,index,0.4,9
2007,12907.76757,5451.278764,30563.55597,9.465584546,0.439793311,4900.386314,index,0.4,9
2008,20434.32085,7905.651724,52818.09561,9.924971161,0.484518072,8558.397966,index,0.4,9
2009,10211.78109,3534.720529,29501.75896,9.231297342,0.541289449,4766.968863,index,0.4,9
2010,30890.70162,14119.9986,67580.42076,10.3382105,0.399427282,10703.00803,index,0.4,9
2011,21129.07571,9165.48909,48708.56708,9.958405366,0.42613275,7797.40622,index,0.4,9
2012,17821.79106,6954.492609,45670.65555,9.788177204,0.480128239,7407.586398,index,0.4,9
2013,6254.332948,1814.812724,21554.11416,8.741029774,0.631283138,3410.868594,index,0.4,9
2014,44076.3689,21545.39619,90168.97523,10.69367907,0.365191214,13979.66098,index,0.4,9
2015,25033.91814,10849.35146,57763.55018,10.12798691,0.426602903,9262.872166,index,0.4,9
2016,58468.74473,30217.19259,113134.0742,10.97624761,0.336782352,17072.23827,index,0.4,9
2017,27852.52722,13450.97146,57673.40113,10.23467899,0.371370281,8983.226806,index,0.4,9
2018,17433.13431,7973.492676,38115.56417,9.766127945,0.399114498,6037.775278,index,0.4,9
2019,18292.43471,6223.938651,53762.28566,9.81424285,0.550053291,8735.561629,index,0.4,9
2021,11576.93838,3905.284478,34319.01134,9.356770328,0.554441014,5537.620032,index,0.4,9
2022,16287.12807,6020.390565,44062.01525,9.698130386,0.507776153,7155.563144,index,0.4,9
2023,22680.53556,10373.81133,49587.04925,10.02926237,0.399100499,7859.880194,index,0.4,9
2024,16867.79379,7304.749078,38950.34098,9.73316139,0.42698816,6252.554898,index,0.4,9
2025,5236.498137,1857.241859,14764.3198,8.56340826,0.528867098,2379.780556,index,0.4,9
2003,10028.11069,3864.294738,26023.63713,9.213147497,0.486546199,4283.991275,index,0.6,1
2004,17879.68889,6324.61463,50545.8899,9.791420649,0.530222123,8320.523543,index,0.6,1
2005,28754.09103,13117.7789,63028.79147,10.26653533,0.400421427,10241.8228,index,0.6,1
2006,14448.44079,5713.68859,36536.37013,9.578341784,0.473336096,6028.712315,index,0.6,1
2007,17232.6158,8080.713436,36749.60752,9.754559135,0.386396738,5888.75081,index,0.6,1
2008,17921.24333,7390.511014,43457.2064,9.793742067,0.45194193,7126.770681,index,0.6,1
2009,11517.15788,4785.536009,27717.88267,9.351593192,0.448089803,4554.716862,index,0.6,1
2010,25586.18446,12027.75078,54428.5334,10.14980782,0.385127481,8745.4327,index,0.6,1
2011,18850.64917,7971.403669,44577.71665,9.844302631,0.439133965,7286.182969,index,0.6,1
2012,22772.4428,10135.71193,51164.05779,10.03330643,0.413010718,8378.973411,index,0.6,1
2013,8787.554276,3230.029684,23907.24473,9.081091713,0.510644641,3983.91042,index,0.6,1
2014,34478.19464,16508.35415,72008.74746,10.44808236,0.375752068,11526.35211,index,0.6,1
2015,21255.12332,10546.97205,42835.06822,9.964353243,0.357536751,6736.093601,index,0.6,1
2016,58484.38157,32189.3772,106259.3683,10.97651502,0.304660312,15958.82022,index,0.6,1
2017,56359.16538,29970.51917,105982.666,10.93950016,0.322215448,16288.42077,index,0.6,1
2018,35760.33227,18830.2833,67911.95563,10.48459452,0.327237061,10460.24198,index,0.6,1
2019,46028.23904,19136.51084,110709.774,10.73701038,0.447792426,18406.89689,index,0.6,1
2021,16267.48058,7467.300952,35438.63118,9.696923338,0.397269771,5749.690797,index,0.6,1
2022,16194.18563,6798.528285,38574.76755,9.692407545,0.442837783,6394.788946,index,0.6,1
2023,18075.26241,9071.053801,36017.32703,9.802299565,0.351769649,5674.31922,index,0.6,1
2024,32474.34887,14683.59139,71820.53129,10.38820579,0.404966561,11678.89713,index,0.6,1
2025,13235.21052,5514.080373,31767.90789,9.490636021,0.446730583,5221.162291,index,0.6,1
2003,12210.09266,4863.350316,30655.0738,9.410018156,0.469669503,5038.525594,index,0.6,10
2004,22924.00691,9250.013061,56811.8217,10.03993998,0.46304919,9367.756121,index,0.6,10
2005,20573.384,9092.587873,46550.45793,9.931753481,0.416609002,7621.535328,index,0.6,10
2006,10865.77514,4577.415882,25792.95228,9.293373233,0.44107103,4250.371693,index,0.6,10
2007,18736.8257,8680.841667,40441.77404,9.838246155,0.392544145,6526.708929,index,0.6,10
2008,13416.50022,5502.627777,32712.09419,9.504240588,0.454732618,5372.009764,index,0.6,10
2009,13961.2323,5905.417946,33006.30187,9.544039646,0.438994874,5419.563842,index,0.6,10
2010,19712.49833,9329.531672,41650.8142,9.889008146,0.381674386,6666.525086,index,0.6,10
2011,20358.09765,9411.14185,44038.45425,9.92123403,0.393672775,7102.161852,index,0.6,10
2012,16475.34529,7714.624195,35184.73428,9.709620318,0.387123065,5694.633322,index,0.6,10
2013,13876.21594,5520.982935,34875.92176,9.53793157,0.470223119,5780.363155,index,0.6,10
2014,31180.05235,15001.96038,64804.57488,10.34753382,0.37327097,10407.52429,index,0.6,10
2015,27269.59923,13576.04321,54775.24123,10.21352778,0.355856431,8637.752345,index,0.6,10
2016,55021.91336,30286.23658,99959.95844,10.91548681,0.304616903,15035.55239,index,0.6,10
2017,45817.903,24834.13347,84532.05093,10.73243019,0.312483218,12852.11994,index,0.6,10
2018,30396.7201,16816.82332,54942.63545,10.32208999,0.302023375,8227.19292,index,0.6,10
2019,23960.20687,10562.07235,54354.05992,10.08414969,0.417928548,8955.217441,index,0.6,10
2021,12459.59616,5385.930218,28823.53282,9.430246381,0.427916569,4727.191092,index,0.6,10
2022,18736.6819,8624.257811,40706.48819,9.838238481,0.395876812,6633.762858,index,0.6,10
2023,15950.88979,8372.629325,30388.40907,9.677269893,0.32885637,4685.400206,index,0.6,10
2024,13310.3743,5869.186215,30185.79705,9.496299032,0.417776944,4928.997675,index,0.6,10
2025,14588.89768,6871.546962,30973.51103,9.588016086,0.384125196,5003.974568,index,0.6,10
2003,27898.38868,11159.74959,69743.50855,10.23632421,0.467485843,11784.28036,index,0.6,2
2004,18933.93145,7094.665286,50530.04558,9.848710906,0.500831904,8580.951132,index,0.6,2
2005,35147.80241,15666.56952,78853.76649,10.46731737,0.412269302,13183.28836,index,0.6,2
2006,9699.757934,4060.985626,23168.09579,9.179856209,0.444230214,3900.770142,index,0.6,2
2007,17466.09315,7267.452475,41976.80149,9.768016746,0.447383554,6953.222371,index,0.6,2
2008,11988.61962,5257.179921,27339.18233,9.391713114,0.420601141,4574.024001,index,0.6,2
2009,9963.163949,4393.332965,22594.38032,9.206649966,0.41776611,3806.267381,index,0.6,2
2010,25286.84347,12052.71996,53052.29482,10.13803952,0.37806505,8688.319679,index,0.6,2
2011,13534.31538,6418.521885,28538.92159,9.512983619,0.380639895,4698.75769,index,0.6,2
2012,29634.5127,14470.05199,60691.16708,10.29669493,0.365750863,10003.42816,index,0.6,2
2013,13884.66971,5335.910724,36129.54992,9.538540612,0.487930269,6128.049535,index,0.6,2
2014,37396.39496,18619.59274,75108.5362,10.52932959,0.35580241,12257.39674,index,0.6,2
2015,17089.58618,8453.085865,34549.98096,9.746224561,0.359158496,5585.191929,index,0.6,2
2016,59871.42761,32474.66381,110381.0609,10.99995467,0.312117561,17323.55279,index,0.6,2
2017,39234.35365,21474.85531,71680.78596,10.57730801,0.307490345,11207.63655,index,0.6,2
2018,43102.65076,22334.43893,83182.6807,10.67133978,0.335442217,13287.92859,index,0.6,2
2019,22615.85667,9207.854435,55547.89953,10.02640656,0.458474966,9577.914398,index,0.6,2
2021,28868.31641,12338.87271,67540.99114,10.27049995,0.433676343,11418.4873,index,0.6,2
2022,14238.03085,5853.815188,34630.66664,9.563671892,0.453489453,5893.372375,index,0.6,2
2023,27594.96776,14740.41057,51659.5004,10.22538871,0.319924597,8155.229792,index,0.6,2
2024,17993.31686,8624.746574,37538.43069,9.797755682,0.375193029,6156.909081,index,0.6,2
2025,12403.2951,5243.51779,29339.41211,9.42571745,0.439278258,4955.265725,index,0.6,2
2003,22694.04654,9382.794699,54889.80254,10.0298579,0.450633261,9162.053853,index,0.6,3
2004,15133.50207,5586.117589,40998.57927,9.624666245,0.508492225,6899.743233,index,0.6,3
2005,21180.89578,10393.26737,43165.47723,9.960854912,0.363242085,6956.761027,index,0.6,3
2006,10609.89314,4667.876089,24115.85705,9.26954216,0.418927449,3990.513186,index,0.6,3
2007,16855.89476,7561.349774,37575.45898,9.732455712,0.409012984,6158.311803,index,0.6,3
2008,11284.31811,4788.347937,26592.85352,9.331169263,0.437369532,4415.291166,index,0.6,3
2009,13332.20959,6081.854726,29225.92213,9.49793816,0.400452858,4823.384342,index,0.6,3
2010,16360.8488,7007.111166,38200.81731,9.702646492,0.43264351,6338.05993,index,0.6,3
2011,12892.08443,5761.292213,28848.70872,9.464368792,0.410952307,4754.46305,index,0.6,3
2012,17875.48603,8525.002102,37481.86767,9.791185557,0.377775824,6112.345208,index,0.6,3
2013,5687.926984,2071.233479,15619.92586,8.646101135,0.515418421,2630.486969,index,0.6,3
2014,38938.76714,19603.53733,77344.59146,10.56974562,0.350149451,12347.95946,index,0.6,3
2015,23437.38409,12350.56033,44476.60334,10.06208764,0.326858519,6954.118421,index,0.6,3
2016,47555.71476,26763.27845,84501.83001,10.76965724,0.293307035,12709.93158,index,0.6,3
2017,39625.7373,20935.22724,75002.72335,10.58723412,0.325539444,11739.94224,index,0.6,3
2018,35424.22295,17812.35331,70449.73503,10.47515113,0.350773602,11288.95236,index,0.6,3
2019,48711.28157,20565.10265,115379.3878,10.79366594,0.43996475,19507.5912,index,0.6,3
2021,19080.27161,8698.906036,41850.86759,9.85641018,0.400751051,6893.316683,index,0.6,3
2022,13719.84689,5655.22901,33284.98252,9.526598742,0.452183236,5584.514491,index,0.6,3
2023,23044.20652,12713.73009,41768.6588,10.04516967,0.303440206,6362.991924,index,0.6,3
2024,20162.42488,9485.779977,42856.08332,9.911575997,0.384714664,6997.438966,index,0.6,3
2025,19810.41171,8255.564264,47537.92708,9.893962922,0.446600152,7947.723126,index,0.6,3
2003,10158.30955,4195.285363,24596.95681,9.226047324,0.451197415,4304.427721,index,0.6,4
2004,15904.03497,6526.294507,38756.80575,9.674328128,0.45446423,6820.390213,index,0.6,4
2005,13448.58181,6033.429858,29977.03742,9.506628938,0.408965684,5213.349741,index,0.6,4
2006,11184.05001,4720.117327,26499.97151,9.322243936,0.44013819,4633.403202,index,0.6,4
2007,19710.21646,9596.713256,40481.84232,9.888892382,0.367209009,6836.539071,index,0.6,4
2008,22136.99812,8981.267621,54563.19827,10.00500561,0.460268304,9559.921479,index,0.6,4
2009,9748.681351,4427.095434,21467.07463,9.184887309,0.402756543,3716.386033,index,0.6,4
2010,22095.40843,11034.69254,44242.92496,10.0031251,0.354254289,7402.824371,index,0.6,4
2011,23217.2949,10990.81216,49044.85446,10.05265275,0.381556912,8365.558515,index,0.6,4
2012,17581.37533,8446.250638,36596.68318,9.774595401,0.374046409,6283.076664,index,0.6,4
2013,5416.462502,1836.129995,15978.20748,8.597198206,0.551940159,2786.314624,index,0.6,4
2014,27736.8005,14237.5214,54035.39564,10.23051535,0.340250761,8993.081698,index,0.6,4
2015,22435.40653,12081.08609,41664.09065,10.01839564,0.315821754,6743.185677,index,0.6,4
2016,36764.66065,20969.6704,64456.91548,10.51229235,0.286464421,10120.51457,index,0.6,4
2017,46306.22571,25135.48517,85308.34098,10.7430317,0.311738288,13825.19163,index,0.6,4
2018,24659.7996,13518.2222,44984.1486,10.11292965,0.306707576,7239.286473,index,0.6,4
2019,66845.98488,25347.82868,176282.7795,11.11014652,0.494753054,31412.62921,index,0.6,4
2021,11019.9912,4638.161914,26182.83023,9.307466284,0.441535081,4569.397741,index,0.6,4
2022,11754.75716,5311.977182,26011.84291,9.372013303,0.40525944,4532.447005,index,0.6,4
2023,18532.14009,9886.283492,34739.06211,9.827261806,0.320596828,5679.763792,index,0.6,4
2024,26219.50563,12852.444,53488.85203,10.1742589,0.363766702,9063.737175,index,0.6,4
2025,15471.85441,7529.615555,31791.56718,9.646777807,0.367444784,5384.714538,index,0.6,4
2003,12729.80704,5588.180422,28998.34563,9.451701534,0.420054926,4740.171574,index,0.6,5
2004,9896.460555,4179.758485,23431.95949,9.199932452,0.439765074,3855.015613,index,0.6,5
2005,28299.58917,13992.68801,57234.66044,10.25060257,0.359349654,9060.387828,index,0.6,5
2006,8673.665231,3589.415453,20959.53214,9.068046729,0.450162398,3460.312954,index,0.6,5
2007,17002.20392,8215.286322,35187.44529,9.741098257,0.371101908,5592.922254,index,0.6,5
2008,9673.106502,4250.894066,22011.60225,9.177104788,0.4195078,3594.782998,index,0.6,5
2009,14609.68418,6851.825032,31151.24375,9.589439888,0.386318101,5016.823177,index,0.6,5
2010,23596.28463,11812.6557,47134.58704,10.06884455,0.35302577,7418.735159,index,0.6,5
2011,15216.54413,6877.941449,33664.60983,9.630138545,0.40514207,5473.395162,index,0.6,5
2012,12783.3812,6069.827702,26922.48329,9.455901263,0.380015026,4326.228081,index,0.6,5
2013,7646.376418,2761.244564,21174.17381,8.941987144,0.519678099,3522.534545,index,0.6,5
2014,33239.87901,17403.51292,63486.58237,10.41150561,0.330148032,9793.451659,index,0.6,5
2015,22601.00696,12075.90801,42299.5534,10.02574974,0.319792645,6448.426492,index,0.6,5
2016,64167.41225,36906.9995,111563.0328,11.06925076,0.282196136,16189.84963,index,0.6,5
2017,41522.90693,23314.83809,73950.83736,10.63400053,0.294472382,10932.76779,index,0.6,5
2018,29967.72321,16444.46343,54611.96338,10.30787619,0.306195452,8199.612721,index,0.6,5
2019,25922.01441,9788.00303,68650.45188,10.16284786,0.496914809,11491.79858,index,0.6,5
2021,14425.8824,6794.683401,30627.78217,9.576779261,0.384131308,4927.060156,index,0.6,5
2022,7136.199537,2693.868374,18904.16931,8.872935636,0.497051041,3147.099347,index,0.6,5
2023,19152.34439,10351.80615,35434.61789,9.860180409,0.313916033,5372.580361,index,0.6,5
2024,18249.49945,8392.543955,39683.34654,9.811892931,0.396330734,6421.932014,index,0.6,5
2025,9180.623906,4031.222363,20907.76636,9.124850445,0.419918696,3414.078616,index,0.6,5
2003,16394.09192,7162.867164,37522.16028,9.7046763,0.422462191,6137.917693,index,0.6,6
2004,25072.41783,9532.410375,65946.18898,10.12952363,0.493412505,10961.17568,index,0.6,6
2005,27703.76549,13847.1016,55426.66213,10.22932362,0.353829156,8774.257896,index,0.6,6
2006,11512.88994,4772.727687,27771.67345,9.351222551,0.449268096,4570.436159,index,0.6,6
2007,19537.53776,9131.952655,41799.97378,9.880092907,0.388046969,6712.836454,index,0.6,6
2008,12933.10557,5787.464496,28901.29518,9.467545626,0.410260632,4688.826667,index,0.6,6
2009,9717.076589,4234.714503,22297.03499,9.18164009,0.423767429,3667.130803,index,0.6,6
2010,14232.75051,6293.507743,32187.32627,9.563300962,0.416348007,5216.999384,index,0.6,6
2011,15929.30753,7624.463338,33280.0916,9.675915932,0.375924619,5303.105016,index,0.6,6
2012,24900.8362,12061.32075,51408.27082,10.12265666,0.369852554,8220.349687,index,0.6,6
2013,15488.6248,5708.864319,42021.93023,9.647861149,0.509236786,6950.157469,index,0.6,6
2014,47150.08175,23828.18711,93298.33609,10.76109102,0.348203608,14630.74689,index,0.6,6
2015,29806.29449,15363.01563,57828.17726,10.30247487,0.338147314,8998.4395,index,0.6,6
2016,64511.66742,35526.91035,117143.7424,11.07460138,0.304370721,17620.73281,index,0.6,6
2017,54089.17409,28503.9829,102639.6474,10.89838934,0.326837755,15859.05781,index,0.6,6
2018,34455.28534,17457.4419,68003.47351,10.44741769,0.346892282,10673.26284,index,0.6,6
2019,49111.91347,21994.41248,109663.3087,10.80185692,0.409861205,18059.73572,index,0.6,6
2021,15161.01523,5481.39417,41933.92697,9.626482625,0.519074776,6858.378343,index,0.6,6
2022,27673.09001,11991.61256,63861.29531,10.22821574,0.426667539,10560.86084,index,0.6,6
2023,16829.80437,8861.64286,31962.73193,9.730906663,0.327260714,4931.369664,index,0.6,6
2024,13620.52013,5977.887197,31034.13675,9.519332768,0.420166034,5083.507229,index,0.6,6
2025,21223.85638,8484.20724,53093.00764,9.962881129,0.46782461,8740.57432,index,0.6,6
2003,16032.48562,6367.452553,40367.88543,9.682372294,0.471140055,6742.870159,index,0.6,7
2004,10919.79128,3056.090918,39017.76642,9.298332136,0.649726345,6203.337578,index,0.6,7
2005,25945.78208,13250.00134,50806.30489,10.16376434,0.342869261,8086.97767,index,0.6,7
2006,9527.478794,4313.712752,21042.85969,9.161935407,0.404283535,3478.668175,index,0.6,7
2007,12561.33954,5771.056549,27341.13757,9.438379086,0.396828022,4478.007328,index,0.6,7
2008,17397.39248,7764.939053,38978.96209,9.764075616,0.411590078,6436.029959,index,0.6,7
2009,11157.83352,4802.502279,25923.41276,9.319897088,0.430112352,4323.262863,index,0.6,7
2010,30189.46061,14422.81878,63191.7759,10.31524816,0.376885133,10244.58934,index,0.6,7
2011,27883.73259,13941.43554,55769.18827,10.23579874,0.353668783,8932.877617,index,0.6,7
2012,10561.94053,4919.92255,22674.05363,9.265012303,0.389784833,3725.146549,index,0.6,7
2013,7166.41172,2739.796968,18744.98642,8.877160351,0.490581083,3154.906351,index,0.6,7
2014,40464.76703,20365.87406,80399.07179,10.60818692,0.350297756,12840.24741,index,0.6,7
2015,24790.75883,13470.67525,45623.67602,10.11822623,0.311207676,7001.68164,index,0.6,7
2016,49835.68047,27236.51062,91186.24198,10.81648648,0.308257107,14002.25988,index,0.6,7
2017,32368.39859,17593.93188,59549.69214,10.38493787,0.31104068,9168.299283,index,0.6,7
2018,36309.68955,19505.15017,67592.07407,10.49983991,0.317049751,10478.67263,index,0.6,7
2019,39631.7968,16459.57689,95426.46984,10.58738702,0.44833694,16122.84811,index,0.6,7
2021,14626.32343,6240.789901,34279.20833,9.590578159,0.434557025,5715.518667,index,0.6,7
2022,17933.47903,8325.237333,38630.6909,9.794424582,0.391526459,6368.659168,index,0.6,7
2023,18082.65761,10112.65448,32333.99369,9.802708615,0.2965186,4883.591448,index,0.6,7
2024,11991.22105,5466.510331,26303.688,9.391930082,0.400790199,4336.366094,index,0.6,7
2025,5976.678611,2105.338511,16966.71914,8.695620277,0.532350971,2809.657222,index,0.6,7
2003,12849.7166,5111.720756,32301.29824,9.461077035,0.470307451,5479.446757,index,0.6,8
2004,13234.7424,4875.032509,35929.68993,9.490600651,0.509559669,6091.368573,index,0.6,8
2005,25450.58477,11821.79864,54791.34646,10.144494,0.391228388,9111.156818,index,0.6,8
2006,13067.00186,5503.144131,31027.08809,9.47784539,0.441217557,5252.011773,index,0.6,8
2007,10784.19002,4712.324973,24679.69742,9.285836454,0.422405601,4127.935607,index,0.6,8
2008,13514.12586,4639.152015,39367.45277,9.511490778,0.54552222,6622.265525,index,0.6,8
2009,14386.23185,6046.908529,34226.35979,9.574026907,0.44221449,5788.735783,index,0.6,8
2010,25182.05415,11082.71599,57218.45188,10.13388688,0.418755056,9563.271355,index,0.6,8
2011,24494.32845,11263.68932,53266.04004,10.10619688,0.39636309,8848.261801,index,0.6,8
2012,16677.37996,7907.034519,35175.64033,9.721808587,0.380772558,5821.904667,index,0.6,8
2013,8004.135643,3094.458814,20703.51917,8.987713642,0.484878976,3535.997754,index,0.6,8
2014,55473.66725,26860.34184,114567.7064,10.92366372,0.37003615,18762.69071,index,0.6,8
2015,27092.79546,13694.63394,53599.06437,10.20702312,0.348100156,8630.707391,index,0.6,8
2016,62737.81406,34817.54101,113047.4238,11.04671964,0.300435648,17330.14971,index,0.6,8
2017,52469.23159,27469.58054,100220.6881,10.86798221,0.330183467,15895.51913,index,0.6,8
2018,32897.35149,16491.12104,65625.35878,10.40114743,0.352338125,10596.50414,index,0.6,8
2019,52960.21103,23001.28553,121940.3128,10.87729618,0.425513324,20682.88027,index,0.6,8
2021,13726.80947,5422.931601,34746.02156,9.527106095,0.473842514,5877.67242,index,0.6,8
2022,17573.58679,7711.659667,40047.27466,9.774152303,0.420244252,6735.342233,index,0.6,8
2023,23408.3598,12177.75645,44996.08041,10.06084849,0.333415396,7166.055589,index,0.6,8
2024,9508.626438,4105.942113,22020.27555,9.159954712,0.428459002,3708.159741,index,0.6,8
2025,20394.16976,7809.19877,53260.54213,9.923004343,0.489777722,8994.861445,index,0.6,8
2003,13378.81675,5409.123652,33090.89403,9.501427895,0.46204192,5722.059402,index,0.6,9
2004,11022.98018,3553.09927,34197.21289,9.30773748,0.57764426,5871.896245,index,0.6,9
2005,21089.42365,10071.48005,44160.71796,9.956526945,0.377080395,7398.102665,index,0.6,9
2006,12547.1267,5516.666734,28537.23019,9.43724697,0.419251513,4897.304865,index,0.6,9
2007,17063.30643,7557.16737,38527.19043,9.744685614,0.415535136,6571.599049,index,0.6,9
2008,7684.758719,3108.24076,18999.65965,8.946994259,0.461836081,3279.479272,index,0.6,9
2009,10557.14138,4801.971391,23209.89133,9.264557818,0.401933916,3951.160721,index,0.6,9
2010,12900.22301,5566.838773,29894.12132,9.464999878,0.428792191,5114.394003,index,0.6,9
2011,18489.46198,8358.156717,40901.38723,9.824956226,0.405090624,6967.050133,index,0.6,9
2012,15800.3297,7424.018676,33627.39637,9.667786086,0.385369477,5675.189045,index,0.6,9
2013,12033.35624,4727.728642,30628.16699,9.395437759,0.476660593,5336.384795,index,0.6,9
2014,33105.7633,14980.50744,73161.17749,10.40746266,0.404577604,12457.06715,index,0.6,9
2015,20527.23366,10476.55487,40220.02721,9.929507755,0.343175992,6580.477529,index,0.6,9
2016,45361.5941,24590.43968,83677.81326,10.72242108,0.312407815,13315.71126,index,0.6,9
2017,58353.28902,31321.37949,108715.082,10.974271,0.317462369,17396.18754,index,0.6,9
2018,36718.016,18930.41102,71219.40974,10.51102281,0.338015321,11623.62664,index,0.6,9
2019,67168.91086,27627.82895,163301.3797,11.11496578,0.453266974,28524.21949,index,0.6,9
2021,18691.25305,8042.252623,43440.93091,9.835810942,0.430286704,7455.895837,index,0.6,9
2022,12588.71262,5364.156636,29543.44853,9.440555868,0.435243417,5109.246323,index,0.6,9
2023,17768.50462,9363.100949,33719.57198,9.785182766,0.326868737,5438.883146,index,0.6,9
2024,23004.8156,9870.122638,53618.5375,10.04345885,0.431738183,9199.336094,index,0.6,9
2025,21483.70602,9262.849001,49828.04149,9.975050067,0.429233969,8544.691282,index,0.6,9
2003,11243.48295,5264.367737,24013.50268,9.327543946,0.387164062,3893.696988,index,0.8,1
2004,19906.55597,8568.503364,46247.39627,9.898804402,0.430087516,7679.549643,index,0.8,1
2005,24537.92353,12913.31352,46627.04814,10.1079751,0.327537133,7254.669698,index,0.8,1
2006,13416.90928,6608.448749,27239.89568,9.504271077,0.361316259,4354.293436,index,0.8,1
2007,18925.28192,9956.304178,35973.82015,9.848253975,0.327706409,5562.457838,index,0.8,1
2008,11220.56263,5315.295908,23686.55064,9.325503323,0.38121076,3826.254169,index,0.8,1
2009,11998.2398,5858.640876,24571.86938,9.392515235,0.365742594,3939.850733,index,0.8,1
2010,26137.884,14241.33498,47972.25689,10.17114104,0.309820543,7306.243146,index,0.8,1
2011,20683.50413,10668.63852,40099.52557,9.93709176,0.337775606,6272.47649,index,0.8,1
2012,17853.06078,9065.071022,35160.42826,9.789930245,0.345795276,5590.635026,index,0.8,1
2013,14054.26232,5970.570839,33082.64734,9.550680997,0.436785157,5494.748672,index,0.8,1
2014,41152.63902,23161.53902,73118.61691,10.62504334,0.293268121,10911.92855,index,0.8,1
2015,23741.86582,13369.32008,42161.91918,10.07499526,0.29300408,6270.033256,index,0.8,1
2016,60475.48299,36467.42954,100289.0549,11.00999332,0.258075417,14118.09557,index,0.8,1
2017,59836.05242,35213.93142,101674.3381,10.99936364,0.270498123,14675.47715,index,0.8,1
2018,31616.94135,18154.17656,55063.41625,10.36144837,0.283062573,8087.573184,index,0.8,1
2019,47108.189,22325.36414,99401.80403,10.76020213,0.380988334,16236.41425,index,0.8,1
2021,18351.06633,9064.990231,37149.69647,9.817442963,0.359837182,5933.695141,index,0.8,1
2022,15338.62903,7563.232334,31107.53844,9.638129699,0.36075957,4997.634036,index,0.8,1
2023,18352.91944,10525.9316,31999.98486,9.817543938,0.283651524,4707.915323,index,0.8,1
2024,21070.05106,11073.88996,40089.53072,9.95560793,0.328201219,6236.383353,index,0.8,1
2025,16532.55984,8192.934324,33361.12851,9.713087039,0.358200278,5330.762048,index,0.8,1
2003,13353.89694,6068.716635,29384.55925,9.499563527,0.402385503,4801.928844,index,0.8,10
2004,16092.06003,7135.672914,36290.11574,9.686081263,0.414915495,5986.916153,index,0.8,10
2005,18172.76206,9586.571886,34449.15294,9.807679162,0.326312387,5355.675941,index,0.8,10
2006,10569.27853,5165.6666,21625.40818,9.265706821,0.365270685,3473.615902,index,0.8,10
2007,14447.68252,7473.778312,27929.05028,9.578289302,0.336298707,4368.870623,index,0.8,10
2008,12292.0785,5997.921632,25191.25842,9.416710309,0.366099592,4033.106017,index,0.8,10
2009,10989.35074,5075.227036,23795.15808,9.304681968,0.394168176,3877.902109,index,0.8,10
2010,19244.31754,10196.95154,36319.06618,9.864971104,0.324050351,5604.790001,index,0.8,10
2011,18583.49001,9680.71273,35673.6235,9.830028832,0.332729596,5572.562457,index,0.8,10
2012,14859.73278,7774.627119,28401.5754,9.606410336,0.33051095,4442.935582,index,0.8,10
2013,9990.428638,4260.925586,23424.17448,9.209382777,0.43477385,3898.766777,index,0.8,10
2014,34344.99239,18406.19779,64085.94082,10.44421151,0.318255226,9912.063276,index,0.8,10
2015,26598.77635,14809.53453,47772.93316,10.18862049,0.298777947,7183.695962,index,0.8,10
2016,55087.01036,33025.13159,91886.9529,10.91666922,0.261048219,13077.15096,index,0.8,10
2017,40574.94581,23839.38477,69059.09039,10.61090606,0.271337508,10016.90778,index,0.8,10
2018,25867.80012,15066.2512,44413.37621,10.16075424,0.275791666,6475.93313,index,0.8,10
2019,38970.12713,18828.44527,80658.32239,10.57055066,0.371142845,13142.00732,index,0.8,10
2021,16685.2264,7942.482646,35051.60697,9.72227896,0.378730316,5668.320952,index,0.8,10
2022,17156.1229,8494.829976,34648.43368,9.750110409,0.358627707,5572.715789,index,0.8,10
2023,17304.31817,9710.955656,30835.21725,9.758711355,0.294751017,4619.51395,index,0.8,10
2024,14826.30613,7493.820349,29333.41648,9.604158323,0.348131048,4651.129145,index,0.8,10
2025,14463.03843,7130.557667,29335.64109,9.5793516,0.360826465,4699.29853,index,0.8,10
2003,19064.7332,9097.938189,39950.15625,9.855595478,0.37745203,6485.203342,index,0.8,2
2004,14238.79196,6425.696869,31551.93911,9.563725347,0.40595898,5205.180302,index,0.8,2
2005,27367.73252,14591.4215,51331.03607,10.21711995,0.320889002,7970.590426,index,0.8,2
2006,10198.74362,5034.33655,20660.98885,9.230019817,0.360201919,3313.637879,index,0.8,2
2007,16121.71162,7933.897772,32759.38171,9.68792219,0.361752808,5216.431444,index,0.8,2
2008,13232.49542,6688.349209,26179.69389,9.490430857,0.348122973,4150.170922,index,0.8,2
2009,12561.57264,6489.509382,24315.10578,9.438397642,0.336973249,3838.550638,index,0.8,2
2010,20977.11092,11235.41867,39165.35694,9.951187166,0.31855724,6021.717364,index,0.8,2
2011,17219.61695,9128.444274,32482.55662,9.753804533,0.323808997,5029.178325,index,0.8,2
2012,21346.72083,11258.83776,40473.31525,9.968653416,0.326406374,6330.693839,index,0.8,2
2013,11788.71007,5401.529075,25728.58224,9.374897578,0.398201309,4240.558061,index,0.8,2
2014,38439.90564,21413.32632,69004.98892,10.55685141,0.298517055,10436.91819,index,0.8,2
2015,20375.69458,11208.51557,37040.49186,9.922098027,0.304938736,5610.521361,index,0.8,2
2016,55519.62354,33579.72709,91794.33141,10.92449181,0.256542475,12987.67152,index,0.8,2
2017,43460.52183,26005.63233,72631.07215,10.67960826,0.262014937,10387.94735,index,0.8,2
2018,37230.82807,21234.85661,65276.37952,10.52489241,0.286481345,9695.290466,index,0.8,2
2019,36739.92865,17552.57477,76901.67252,10.51161942,0.376876052,12615.19052,index,0.8,2
2021,20177.70876,9575.832632,42517.44432,9.912333747,0.380280446,6893.128268,index,0.8,2
2022,15361.06526,7196.594603,32788.05307,9.639591357,0.386858198,5375.740432,index,0.8,2
2023,22047.11815,13045.1644,37260.96533,10.00093718,0.267741846,5371.725248,index,0.8,2
2024,18787.0103,9738.330948,36243.55732,9.840920968,0.335259195,5690.467395,index,0.8,2
2025,12767.45425,6273.201007,25984.8023,9.454654575,0.362564083,4175.192898,index,0.8,2
2003,20048.87774,9818.154872,40940.22797,9.905928458,0.36426178,6741.13586,index,0.8,3
2004,12397.67554,5329.849474,28838.02996,9.425264278,0.430715058,4911.710215,index,0.8,3
2005,21997.96955,11805.10282,40991.65182,9.998705435,0.31756618,6478.594237,index,0.8,3
2006,11808.7843,5815.231972,23979.67741,9.376598966,0.36141634,3935.460026,index,0.8,3
2007,19460.67663,10094.74399,37516.34865,9.876151126,0.334894396,6008.705929,index,0.8,3
2008,13187.15794,6400.304535,27170.75938,9.486998752,0.368832236,4474.956644,index,0.8,3
2009,11552.14693,5807.459129,22979.42967,9.35462658,0.350888158,3745.509924,index,0.8,3
2010,19230.51996,9755.667729,37907.49215,9.864253877,0.346256453,6139.799158,index,0.8,3
2011,14731.84449,7574.155258,28653.65637,9.597766722,0.33942951,4614.486745,index,0.8,3
2012,16766.7461,8781.811826,32012.04722,9.727152805,0.329962584,5131.469842,index,0.8,3
2013,4738.292906,2013.818091,11148.68307,8.463432203,0.436561316,1905.105341,index,0.8,3
2014,39016.87677,21551.39111,70636.58515,10.57174957,0.302839199,10957.87852,index,0.8,3
2015,24585.62684,14382.33288,42027.46888,10.10991728,0.273556776,6242.696988,index,0.8,3
2016,56853.01027,34735.7708,93052.91642,10.94822445,0.251381739,13307.11766,index,0.8,3
2017,37752.91567,22391.3605,63653.23989,10.53881799,0.266529141,9363.077969,index,0.8,3
2018,25488.09764,14443.14582,44979.3369,10.14596686,0.289796968,6856.26522,index,0.8,3
2019,37372.7087,17695.6367,78930.15548,10.528696,0.381447126,13252.74513,index,0.8,3
2021,18285.66216,8951.431913,37353.29095,9.813872543,0.364447388,6146.566096,index,0.8,3
2022,17309.02234,8529.747164,35124.40037,9.758983167,0.361061822,5790.782991,index,0.8,3
2023,19789.53694,11611.55862,33727.23551,9.89290864,0.272021491,5003.854816,index,0.8,3
2024,18214.46127,9616.953204,34498.09856,9.809971133,0.325867393,5502.802165,index,0.8,3
2025,16086.99033,7662.404495,33774.15773,9.68576617,0.378417695,5609.946768,index,0.8,3
2003,13395.95352,6253.089055,28698.06732,9.502707964,0.388719946,4723.55747,index,0.8,4
2004,14177.93121,6222.982821,32301.83004,9.559441895,0.420128776,5409.813607,index,0.8,4
2005,18238.26418,9279.089073,35847.73006,9.811277093,0.344781046,5765.707516,index,0.8,4
2006,10785.39789,5064.18335,22970.1019,9.285948451,0.385721517,3784.739712,index,0.8,4
2007,19016.72021,9704.508544,37264.70495,9.853073882,0.343234892,5938.35496,index,0.8,4
2008,13564.74301,6659.980482,27628.04689,9.51522928,0.362944142,4479.74144,index,0.8,4
2009,10899.84748,5531.596594,21477.82706,9.296504075,0.346063659,3445.160282,index,0.8,4
2010,18309.29891,9799.498647,34208.93648,9.815164347,0.318923127,5318.343533,index,0.8,4
2011,19967.15674,10755.48442,37068.28373,9.90184404,0.315655268,5761.781958,index,0.8,4
2012,17658.37208,9126.422212,34166.52193,9.778965289,0.336759384,5472.035123,index,0.8,4
2013,7703.87714,3123.614962,19000.33253,8.949479006,0.460586399,3210.94762,index,0.8,4
2014,33744.11689,18380.7753,61948.71576,10.42656137,0.309955078,9581.220123,index,0.8,4
2015,19910.25487,11226.76265,35310.11222,9.898990198,0.292318876,5319.920776,index,0.8,4
2016,42583.44495,25860.20987,70121.2323,10.65922084,0.254474101,9967.021284,index,0.8,4
2017,47658.07254,27584.54534,82339.28999,10.77180731,0.278982863,12214.47655,index,0.8,4
2018,22836.15835,13042.36878,39984.31091,10.03610045,0.285791975,5992.522457,index,0.8,4
2019,46253.1556,22857.5063,93595.26691,10.74188497,0.359624018,15279.68568,index,0.8,4
2021,11048.49229,5227.139003,23352.96265,9.310049253,0.381858997,3829.40037,index,0.8,4
2022,17024.34725,8182.454193,35420.7176,9.74239979,0.373809104,5832.92983,index,0.8,4
2023,18198.6876,10418.14994,31789.92743,9.809104761,0.284597072,4751.453949,index,0.8,4
2024,21985.65836,11481.36746,42100.31384,9.998145627,0.331467748,6670.015665,index,0.8,4
2025,17636.65011,8946.597596,34767.56654,9.777734409,0.346284846,5588.705496,index,0.8,4
2003,16211.78505,7936.147185,33117.07413,9.693493729,0.364450847,5383.218355,index,0.8,5
2004,10142.6429,4480.431863,22960.55562,9.224503884,0.416859275,3834.321397,index,0.8,5
2005,23519.11856,12725.17725,43468.85919,10.06556893,0.313389001,6738.492421,index,0.8,5
2006,9453.659461,4637.749938,19270.48211,9.15415719,0.363360039,3131.367925,index,0.8,5
2007,16264.90146,8403.836711,31479.31458,9.696764781,0.336904736,4978.870367,index,0.8,5
2008,9906.598842,4741.633805,20697.655,9.200956364,0.375935134,3386.280134,index,0.8,5
2009,11436.67917,5815.455981,22491.38004,9.344580941,0.345060659,3601.895971,index,0.8,5
2010,22250.39105,11733.25341,42194.59722,10.01011486,0.326502225,6624.741893,index,0.8,5
2011,16095.08769,8517.091535,30415.52936,9.686269392,0.324719844,4772.347046,index,0.8,5
2012,14523.41199,7724.94531,27304.98241,9.583517246,0.322101441,4281.609337,index,0.8,5
2013,6816.445519,2858.395467,16255.24881,8.82709343,0.443415142,2753.774318,index,0.8,5
2014,38299.73589,21610.83643,67876.5847,10.55319828,0.291968694,10242.98811,index,0.8,5
2015,20951.9112,11863.37254,37003.18618,9.949985148,0.290196227,5565.30548,index,0.8,5
2016,52236.3887,32077.09301,85065.07444,10.86353463,0.248799057,11938.14229,index,0.8,5
2017,40165.67908,24267.63555,66478.73762,10.60076816,0.25708089,9482.47564,index,0.8,5
2018,27447.1501,15974.44057,47159.46361,10.22001762,0.276164442,6953.797197,index,0.8,5
2019,35239.33677,16810.24571,73872.26086,10.46991826,0.377646948,12205.35083,index,0.8,5
2021,15231.76501,7612.117383,30478.59796,9.63113833,0.35390532,4913.328821,index,0.8,5
2022,12351.00917,5704.109736,26743.42438,9.421493053,0.394165841,4444.685717,index,0.8,5
2023,17876.09164,10142.14926,31507.58722,9.791219437,0.289170734,4738.532191,index,0.8,5
2024,17253.04674,9163.40456,32484.39156,9.755744029,0.322848261,5087.138965,index,0.8,5
2025,9537.976357,4417.678914,20592.93913,9.16303662,0.392694418,3394.092725,index,0.8,5
2003,17222.6118,7847.644361,37797.12019,9.753978439,0.401032754,6184.414336,index,0.8,6
2004,16813.98672,7031.171641,40208.11379,9.729966362,0.444833545,6691.19829,index,0.8,6
2005,29148.63274,15463.88569,54943.68025,10.28016329,0.323424646,8557.613397,index,0.8,6
2006,13111.6235,6205.118618,27705.29966,9.481254406,0.381703234,4481.328015,index,0.8,6
2007,21744.80312,11260.7814,41989.66714,9.987130071,0.335745341,6553.020743,index,0.8,6
2008,12251.74894,5929.05202,25316.92279,9.413423977,0.370315151,4061.944893,index,0.8,6
2009,11969.45206,5871.911242,24398.83316,9.390113022,0.363362578,3922.60815,index,0.8,6
2010,21027.29947,10858.79024,40717.91728,9.953576847,0.337172857,6349.181886,index,0.8,6
2011,17687.87667,9089.188426,34421.22293,9.78063475,0.339696981,5391.067962,index,0.8,6
2012,21628.77909,10859.96995,43076.00177,9.981780072,0.351507094,6859.01874,index,0.8,6
2013,11057.33409,4581.381926,26687.28327,9.310849206,0.44954563,4415.730636,index,0.8,6
2014,40369.69298,21627.16311,75354.87214,10.60583461,0.318439144,11618.72551,index,0.8,6
2015,25548.34907,13943.95568,46810.11293,10.14832798,0.308947804,7126.494883,index,0.8,6
2016,63177.15772,37577.504,106216.5613,11.05369809,0.265074888,15249.14807,index,0.8,6
2017,56183.16612,33013.77348,95613.06757,10.93637246,0.271276579,13873.89191,index,0.8,6
2018,31457.03725,17785.80167,55636.80574,10.356378,0.290935059,8297.890009,index,0.8,6
2019,42607.963,20138.54925,90147.43263,10.65979644,0.382356674,14820.03926,index,0.8,6
2021,13923.5688,6165.776929,31442.22866,9.54133828,0.415603989,5159.593342,index,0.8,6
2022,23450.54198,11094.12458,49569.29364,10.06264889,0.381883525,8132.310002,index,0.8,6
2023,19086.55332,10851.98534,33569.57332,9.856739351,0.2880849,4989.720186,index,0.8,6
2024,15950.77109,8016.036735,31739.76201,9.677262451,0.351059025,5050.367147,index,0.8,6
2025,19151.77368,8322.933051,44069.85286,9.86015061,0.425202001,7247.153657,index,0.8,6
2003,19043.14245,9272.541713,39109.15533,9.854462339,0.367174875,6309.559878,index,0.8,7
2004,16053.07507,5948.027615,43325.49138,9.683655703,0.506560713,7226.38589,index,0.8,7
2005,26548.56601,14233.12958,49520.12509,10.18673101,0.318068813,7682.17242,index,0.8,7
2006,11931.60117,5678.45394,25070.75129,9.38694572,0.378839328,4078.304848,index,0.8,7
2007,16437.89084,8523.599058,31700.72332,9.707344366,0.335082897,4964.68074,index,0.8,7
2008,14740.88213,7135.995562,30450.35609,9.59838001,0.370146066,4909.384379,index,0.8,7
2009,11459.43152,5745.505741,22855.87669,9.346568383,0.352248904,3656.756884,index,0.8,7
2010,22179.68294,11321.0297,43453.49746,10.00693197,0.343126027,6845.190546,index,0.8,7
2011,20062.43426,10587.15642,38017.88247,9.906604403,0.326132277,5914.401034,index,0.8,7
2012,18119.15122,9361.249162,35070.49489,9.804724736,0.336940231,5554.005532,index,0.8,7
2013,9062.759798,4070.686143,20176.8479,9.111928966,0.408355522,3340.783806,index,0.8,7
2014,39120.50384,21465.98163,71294.84443,10.574402,0.306218531,10876.60765,index,0.8,7
2015,26190.39992,14610.07533,46949.59009,10.17314821,0.29780218,7074.846293,index,0.8,7
2016,57125.19057,33042.57954,98760.06785,10.95300046,0.279315421,14574.76602,index,0.8,7
2017,41747.52831,24176.11103,72090.01143,10.63939553,0.278716983,10610.74941,index,0.8,7
2018,33978.84171,18780.31891,61477.21395,10.43349331,0.302520137,9350.969063,index,0.8,7
2019,41055.90761,19639.4865,85826.45732,10.62269002,0.376227618,14081.93616,index,0.8,7
2021,18530.85949,8881.740345,38662.77781,9.827192702,0.375231334,6262.816742,index,0.8,7
2022,17576.96538,8801.741106,35100.97697,9.774344538,0.352883885,5634.58601,index,0.8,7
2023,20674.27854,12174.64955,35107.85189,9.936645624,0.270175608,5091.950078,index,0.8,7
2024,19247.31017,10229.92032,36213.27803,9.865126598,0.322482726,5627.639939,index,0.8,7
2025,12968.04198,5866.189188,28667.69335,9.470243301,0.40474356,4704.533083,index,0.8,7
2003,14546.62234,6938.879868,30495.44385,9.585114104,0.377669422,4961.76952,index,0.8,8
2004,14654.7155,6480.423929,33139.9132,9.59251744,0.416322054,5492.521125,index,0.8,8
2005,21015.50489,10659.51021,41432.62096,9.953015773,0.346336988,6623.628485,index,0.8,8
2006,12586.37869,5962.360457,26569.49871,9.440370452,0.381205331,4333.531885,index,0.8,8
2007,14143.57731,7249.679364,27593.05194,9.5570159,0.340977377,4341.025106,index,0.8,8
2008,13263.7946,5952.704604,29554.33856,9.492793392,0.408779165,4859.303081,index,0.8,8
2009,12451.54709,6179.741012,25088.59589,9.429600159,0.357439485,4037.584113,index,0.8,8
2010,19913.45764,10479.64446,37839.623,9.899151046,0.327537148,5892.738656,index,0.8,8
2011,17769.20104,9305.332026,33931.5679,9.785221959,0.330046426,5306.844644,index,0.8,8
2012,15276.14101,7807.629864,29888.77396,9.634047479,0.342450556,4760.057634,index,0.8,8
2013,9226.831423,4005.113619,21256.43021,9.129870977,0.425795451,3552.923901,index,0.8,8
2014,51770.20952,27841.28087,96265.49172,10.85457016,0.316482874,14905.97358,index,0.8,8
2015,22534.96477,12568.43777,40404.7541,10.02282337,0.297903107,6090.139132,index,0.8,8
2016,47455.92085,28657.61236,78585.20784,10.76755658,0.25734258,11165.87154,index,0.8,8
2017,40347.07891,24001.96761,67823.05531,10.60527428,0.264996292,9776.337405,index,0.8,8
2018,26814.26383,15422.2045,46621.39869,10.19668926,0.282212153,6901.692475,index,0.8,8
2019,43573.88205,20698.84166,91728.95897,10.68221321,0.379792793,15097.65561,index,0.8,8
2021,14684.66215,6693.308506,32217.14678,9.594558837,0.400872295,5283.930851,index,0.8,8
2022,17613.34185,8780.968557,35329.7941,9.776411954,0.35514426,5702.659454,index,0.8,8
2023,18799.93471,10589.63136,33375.81196,9.841608676,0.292851324,5024.128843,index,0.8,8
2024,11741.26697,6004.467825,22959.12878,9.370865007,0.342152153,3647.543381,index,0.8,8
2025,17727.66954,7996.119642,39302.84706,9.782881949,0.406216796,6472.609009,index,0.8,8
2003,9608.587151,4302.219506,21459.84111,9.170412472,0.409969849,3602.568867,index,0.8,9
2004,13888.00272,5750.581749,33540.3665,9.538780633,0.449867619,5712.604363,index,0.8,9
2005,22651.47392,12066.79818,42520.74685,10.0279802,0.321315697,6769.099876,index,0.8,9
2006,11305.75472,5472.632401,23356.23527,9.333067143,0.370186455,3864.007692,index,0.8,9
2007,18509.47398,9207.984473,37206.90757,9.826037987,0.356237017,6069.825794,index,0.8,9
2008,9034.43989,4090.124627,19955.65211,9.108799208,0.404328087,3335.566156,index,0.8,9
2009,11312.53869,5635.418765,22708.78828,9.333667008,0.355537283,3722.953944,index,0.8,9
2010,21866.59143,11278.85519,42393.29373,9.992715246,0.337776725,6819.628361,index,0.8,9
2011,17194.99573,8604.269969,34362.92438,9.752373675,0.353251291,5593.481896,index,0.8,9
2012,16949.95477,8526.13421,33696.51,9.738020444,0.350582516,5522.148576,index,0.8,9
2013,9498.066269,4167.337261,21647.69905,9.158843506,0.420319429,3670.453535,index,0.8,9
2014,45828.92925,23991.11507,87544.52431,10.73267081,0.330226465,14040.47518,index,0.8,9
2015,22212.03811,12242.55225,40299.98214,10.00838968,0.303942639,6257.174028,index,0.8,9
2016,55681.73082,33251.66711,93242.09629,10.92740738,0.263039117,13707.95308,index,0.8,9
2017,50481.5095,29509.47178,86358.13006,10.8293624,0.273931478,12946.89523,index,0.8,9
2018,38223.72806,21972.13696,66495.73453,10.55121176,0.282495664,10077.41745,index,0.8,9
2019,58196.67126,25087.45739,135001.8255,10.97158344,0.429324288,23173.60148,index,0.8,9
2021,19561.43223,9459.800564,40450.07379,9.881315163,0.370674456,6676.28585,index,0.8,9
2022,11970.91161,5473.893249,26179.30572,9.390234954,0.399236706,4429.479781,index,0.8,9
2023,18846.26719,10712.42879,33156.04647,9.844070146,0.288224801,5070.721373,index,0.8,9
2024,22052.50747,11033.09282,44077.67558,10.00118159,0.353336655,7207.922831,index,0.8,9
2025,18480.45205,8947.098425,38171.82863,9.824468806,0.370100804,6336.736609,index,0.8,9
2003,16236.19849,8391.174685,31415.64218,9.694998503,0.336772874,4990.549148,index,1,1
2004,13790.75165,6608.970579,28776.7707,9.531753476,0.375297862,4720.848056,index,1,1
2005,22789.86937,12917.32912,40207.85884,10.03407139,0.289671832,6066.050048,index,1,1
2006,10417.93292,5410.26636,20060.62531,9.251283919,0.334307323,3177.753781,index,1,1
2007,15304.30045,8444.436344,27736.79647,9.635889143,0.303386218,4240.574438,index,1,1
2008,10877.10285,5681.18408,20825.12461,9.294415203,0.331383767,3284.011284,index,1,1
2009,10605.51818,5686.267699,19780.4644,9.269129727,0.318026433,3082.220084,index,1,1
2010,19447.30979,10912.03185,34658.79347,9.875464025,0.294823135,5242.972394,index,1,1
2011,18436.97296,10407.96684,32659.78622,9.822113328,0.291733163,4920.103906,index,1,1
2012,17393.34775,9647.353579,31358.70821,9.763843099,0.300721946,4805.398291,index,1,1
2013,9861.563932,4653.379334,20898.88578,9.196400049,0.383196366,3443.019184,index,1,1
2014,40595.75644,23996.55307,68677.17362,10.61141882,0.26824643,10002.12828,index,1,1
2015,22343.37768,13320.06293,37479.29185,10.01428526,0.263912292,5403.276627,index,1,1
2016,52693.37826,33681.96834,82435.56564,10.87224508,0.228334383,11073.41017,index,1,1
2017,43394.20184,27129.86205,69409.00583,10.67808111,0.239642563,9570.519005,index,1,1
2018,28261.01169,17091.42563,46730.14405,10.24923845,0.256589543,6659.80885,index,1,1
2019,37521.77588,19102.0421,73703.30657,10.53267673,0.344458477,11876.24876,index,1,1
2021,16538.27766,8502.376128,32169.19882,9.713432832,0.33946128,5119.320907,index,1,1
2022,16516.59257,8585.838008,31772.99989,9.712120765,0.33380786,5063.942843,index,1,1
2023,18790.99485,11460.55232,30810.16321,9.841133037,0.252283642,4356.967803,index,1,1
2024,18438.52228,10262.07501,33129.66467,9.822197357,0.298978461,5055.222515,index,1,1
2025,15035.25363,7884.323506,28671.94017,9.618152965,0.329353636,4535.726577,index,1,1
